"id";"tabel";"niveau";"subniveau";"kenmerk_digitaal";"bij_ja";"bij_nee";"meervoudig";"ja_uitkomst";"nee_uitkomst";"opmerking";"opmerking_jan";"bij_ja_veldsleutel";"bij_nee_veldsleutel";"meervoudig_veldsleutel";"ja_uitkomst_veldsleutel";"nee_uitkomst_veldsleutel";"link_sql";"kenmerk";"verschil_tov_20190424";"verschil_tov_20190510"
1;;1;;"is het een open biotoop waarbij (schijn)grassen en kruiden meer dan 50% van de vegetatiebedekking hebben";2;7;;;;;;2,00;4,00;;;"_A";"001";"is het een open biotoop waarbij (schijn)grassen en kruiden meer dan 50% van de vegetatiebedekking hebben";;
2;;2;;"is het heide";0;7;;"_H";;"in digitale sleutel is deze regel toegevoegd";;3,00;7,00;;;;"002";"is het heide";;
3;;3;;"is het een droge heide";0;0;;"4030_";"4010/7150/7140_oli";"in digitale sleutel is deze regel toegevoegd, onderscheid gebaseerd op F-getal: F<7=> droog";;0,00;0,00;;"4030";"4010/7150/7140_oli";"003";"is het een droge heide";;
4;;4;;"is het heide";3;5;;"_H";;"in digitale sleutel is deze regel toegevoegd";;3,00;0,00;;;"_B";"004";"is het heide";;
5;"G";1;;"Is de bedekking van bomen en struiken (kroonprojectie) in het grasland > 10%";8;10;;;;"het voorkomen van houtige gewassen in lineair (bijv. houtkanten) of in patroonverband (mozaïeken) worden afzonderlijk uitgesleuteld";"wat met brem?";8,00;10,00;;;;"001";"Is de bedekking van bomen en struiken (kroonprojectie) in het grasland > 10%";;
6;"G";8;;"Is de bedekking van bomen en struiken (kroonprojectie) ≥ 50%";0;10;;"_B";;;;0,00;10,00;;"_B";;"008";"Is de bedekking van bomen en struiken (kroonprojectie) ≥ 50%";;
7;"G";10;1;"Binnen de ecoregio 'Polders' EN minstens 2 zilte soorten tezamen >= 5%";280;0;"ja";;;;;280,00;0,00;"ja";;;"0101";"Binnen de ecoregio 'Polders' EN minstens 2 zilte soorten tezamen frequent aanwezig";;
8;"G";10;2;"Binnen de ecoregio 'Polders' EN zeekraalsoorten nemen in de aanwezige vegetatie een groter aandeel in dan de andere hogere planten";280;0;"ja";;;;;280,00;0,00;"ja";;;"0102";"Binnen de ecoregio 'Polders' EN zeekraalsoorten nemen in de aanwezige vegetatie een groter aandeel in dan de andere hogere planten";;
9;"G";10;3;"Binnen de ecoregio 'Duinen'";0;0;"ja";"_D";;;;0,00;0,00;"ja";"_D";;"0103";"Binnen de ecoregio 'Duinen'";;
10;"G";10;4;"Net buiten de ecoregio 'Duinen' (= in de overgangszone tussen kustduinen en -polders) EN typische soort(en) van duingrasland >= 5%";0;0;"ja";"_D";;;;0,00;0,00;"ja";"_D";;"0104";"Net buiten de ecoregio 'Duinen' (= in de overgangszone tussen kustduinen en -polders) EN typische soort(en) van duingrasland samen frequent aanwezig";;
11;"G";10;99;"anders";20;0;"ja";;;;;20,00;0,00;"ja";;;"01099";"anders";;
12;"G";19;;"Moerassen";;;;;;;;;;;;;"019";"Moerassen";;
13;"G";20;1;"bedekking van grote zeggen, liesgras, riet, gele lis, holpijp, lisdodde, mattenbies, ruwe bies en/of egelskop >= 70% of moerasmossen >= 70% of combinatie moerasmos/hogereplant >= 70%, waarbij minstens één van beide groepen minstens 60% bedekt";0;0;"ja";"_M";;"in digitale sleutel ook opnamen met F-getal >= 8.7";;0,00;0,00;"ja";"_M";;"0201";"bedekking van grote zeggen, liesgras, riet, gele lis, holpijp, lisdodde, mattenbies, ruwe bies en/of egelskop >= 70% of moerasmossen >= 70% of combinatie moerasmos/hogereplant >= 70%, waarbij minstens één van beide groepen minstens 60% bedekt";;
14;"G";20;2;"bedekking van moerasgroep > overige vegetatie (beide uitgezonderd riet, scherpe en moeraszegge)";0;0;"ja";"_M";;;;0,00;0,00;"ja";"_M";;"0202";"bedekking van moerasgroep > overige vegetatie (beide uitgezonderd riet, scherpe en moeraszegge)";;
16;"G";20;99;"anders";27;0;"ja";;;;;28,00;0,00;"ja";;;"02099";"anders";;
17;"G";28;;"Is het perceel onbeheerd en verruigd EN zijn wilde bertram, grote wederik, melkeppe, hennegras, ruw walstro, wateraardbei, veenpluis, veenmos en/of zwarte zegge samen >= 30%";131;29;;;;;;131,00;29,00;;;;"028";"Is het perceel onbeheerd en verruigd EN zijn wilde bertram, grote wederik, melkeppe, hennegras, ruw walstro, wateraardbei, veenpluis, veenmos en/of zwarte zegge samen abundant aanwezig";;
18;"G";29;;"Zijn grote russen (co)dominant";119;30;;;;"in digitale sleutel vanaf 40% bedekking";;120,00;30,00;;;;"029";"Zijn grote russen (co)dominant";;
19;"G";30;1;"Is het een zoomvormende, ruderale vegetatie langs een vochtig bos of langs een waterloop, waarbij zowel kensoorten als  begeleidende soorten van het verbond look-zonder-look voorkomen en deze samen de vegetatie domineren";290;0;"ja";;;"in digitale sleutel: afstand tot waterloop of vochtig bos <=15m";;290,00;0,00;"ja";;;"0301";"Is het een zoomvormende, ruderale vegetatie langs een vochtig bos of langs een waterloop, waarbij zowel kensoorten als  begeleidende soorten van het verbond look-zonder-look voorkomen en deze samen de vegetatie domineren";;
20;"G";31;;"Zijn grote brandnetel, hondsdraf, kleefkruid, ridderzuring, akkerdistel, speerdistel, bramen, klit, jacobskruiskruid en/of kropaar samen (co-)dominant";110;32;;;;;;110,00;32,00;;;;"031";"Zijn grote brandnetel, hondsdraf, kleefkruid, ridderzuring, akkerdistel, speerdistel, bramen, klit, jacobskruiskruid en/of kropaar samen (co-)dominant";;
21;"G";32;;"Het perceel is onbeheerd en verruigd EN volgende verruigers bedekken tezamen >= 5%: grote brandnetel, kleefkruid, akkerdistel, speerdistel, ridderzuring, gewone berenklauw, fluitenkruid, bramen, klit en/of jacobskruiskruid EN bedekt de hf-groep>hc-groep";110;33;;;;;;110,00;0,00;"ja";;;"032";"Het perceel is onbeheerd en verruigd EN minstens 2 verruigers komen samen abundant voor: grote brandnetel, kleefkruid, akkerdistel, speerdistel, ridderzuring, gewone berenklauw, fluitenkruid, bramen, klit en/of jacobskruiskruid";;
22;"G";33;1;"Het is een ruderale plaats (plek waar de bodem verstoord, vergraven of aangevoerd is of waar inert materiaal aan toegevoegd is) EN de soorten uit de ruderale groep hebben een aandeel van ≥ 30% in de vegetatie";150;0;"ja";;;;;150,00;0,00;"ja";;;"0331";"Het is een ruderale plaats (plek waar de bodem verstoord, vergraven of aangevoerd is of waar inert materiaal aan toegevoegd is) EN de soorten uit de ruderale groep hebben een aandeel van ≥ 30% in de vegetatie";;
23;"G";33;99;"anders";34;0;"ja";;;;;33,00;0,00;"ja";;;"03399";"anders";;
24;"G";34;;"Is de bedekking van soorten van natte strooiselruigten, pitrus, grote brandnetel, kleefkruid, ridderzuring, akkerdistel, speerdistel, bramen, klit, jacobskruiskruid, rietgras en/of kropaar≥ 50%";129;35;;;;;;130,00;40,00;;;;"034";"Is de bedekking van soorten van natte strooiselruigten, pitrus, grote brandnetel, kleefkruid, ridderzuring, akkerdistel, speerdistel, bramen, klit, jacobskruiskruid, rietgras en/of kropaar≥ 50%";;
25;"G";40;;"Bedekken meerjarige kruiden (uitgez. ridderzuring, paardenbloem en witte klaver, akker-, speerdistel en grote brandnetel) of meerjarige schijngrassen (uitgez. Pitrus) > 5%";41;90;;;;"in digitale sleutel: meerjarige kruiden >= 5%";;41,00;100,00;;;;"040";"Zijn meerjarige kruiden (uitgez. ridderzuring, paardenbloem en witte klaver, akker-, speerdistel en grote brandnetel) of meerjarige schijngrassen (uitgez. Pitrus) frequent aanwezig";;
26;"G";41;;"Komen er OFWEL 3 basenminnende soorten voor OFWEL bedekken basenminnende soorten > 5%";250;45;;;;"in digitale sleutel of 3 soorten van een ruime groep of bedekking van min 5% van groepen basenminnend of hk";;250,00;45,00;;;;"041";"Komen er OFWEL 3 basenminnende soorten elk occasioneel OFWEL 1 basenminnende soort frequent voor";;
28;"G";45;1;"bedekking borstelgras >= 30%";210;0;"ja";;;"borstelgrasvegetaties hier al specifiek uitsleutelen, anders is er veel kans dat men bij 6410 uitkomt (tormentil, tandjesgras, blauwe zegge,...)";;210,00;46,00;;;;"0451";"bedekking borstelgras >= 30%";;
29;"G";45;2;"Is het een grasland op een arme, meestal zure bodem met minstens 3 soorten uit de heischrale groep elk occasioneel of 2 soorten >5% EN zijn heidesoorten aanwezig EN is de bedekking van hn+heide >= hm+hc+rbbvos+hukern";210;0;"ja";;;"sds: Kunnen we er niet beter een groep heischraal s.l. van maken gezien grote overlap in soorten? Nu lijkt hn-groep zeer ruim en hmo-groep zeer eng. Subtype is dan op vochtindicatoren en zelfde lijst heischral s.l. kan ook gebruikt worden voor BWK-code vo";"jw: ok voor mij";210,00;47,00;;;;"0452";"Is het een grasland op een arme, meestal zure bodem met minstens 3 soorten uit de heischrale groep elk occasioneel of 2 soorten >5% EN zijn heidesoorten aanwezig EN is de bedekking van hn+heide >= hm+hc+rbbvos+hukern";;
30;"G";52;;"Is veldrus >= 10% EN is klein glidkruid aanwezig";225;53;;;;"To Do: verder uittesten & uitwerken op basis analyse Els (Steven)";"deze regel is een beetje overbodig. Via 650 komt men ook bij 670 uit.";225,00;48,00;;;;"052";"Is veldrus abundant EN is klein glidkruid aanwezig";;
31;"G";53;;"Is het een vochtig grasland  (F-getal >=7 of obl freatofyt > 5%) met uit de hm(e/m)-groep : minstens 3 soorten OF 2 soorten elk frequent aanwezig EN bedekt meer dan rbbhc (excl. Veld- en paddenrus) en meer dan rbbms";219;54;;;;"in digitale sleutel verstrengd naar vochtigheid (F:>=7) en wordt voor pijpenstro, tormentil en tandjesgras onderscheid gemaakt tussen zandige en niet-zandige bodems";;220,00;50,00;;;;"053";"Is het een vochtig grasland  (F-getal >=7 of obl freatofyt > 5%) met uit de hm(e/m)-groep : minstens 3 soorten elk occasioneel Of 2 soorten elk frequent aanwezig EN bedekt meer dan rbbhc (excl. Veld- en paddenrus) en meer dan rbbms";;
32;"G";47;;"Bedekken de hu-basisgroep en hu-kerngroep samen > 50% EN komen er van de hu-kerngroep minimaal 3 soorten voor en bedekken deze >= 5% EN bedekken obligate freatofyten <10%";200;48;;;;;;200,00;51,00;;;;"047";"Bedekken de hu-basisgroep en hu-kerngroep samen > 50% EN komen er van de hu-kerngroep minimaal 3 soorten voor, waarvan 1 soort frequent en 2 soorten occasioneel";;
33;"G";46;;"Is de bodem zandig EN bedekken bochtige smele, borstelgras, buntgras, schapengras, zilverhaver, vroege haver, zandzegge, pijpenstrootje >= 5%";243;47;;;;"in digitale sleutel : >=5 %";"1: duinriet komt overgewaaid van de Eunis-typologie (E1.74), dat habitatwaardig is, alleen ik weet ook niet goed of dit type relevant is voor Vl. (Wel blijkbaar in Wal.)";243,00;52,00;;;;"046";"Is de bodem zandig EN zijn bochtige smele, borstelgras, buntgras, schapengras, zilverhaver, vroege haver, zandzegge, pijpenstrootje samen frequent aanwezig";;
34;"G";49;;"De bedekking van soorten uit de ha-groep + heide (incl. pijpenstrootje)  ≥ 30% EN deze bedekken meer dan de soorten uit de hu-basisgroep EN freatofyten zijn grotendeels afwezig (< 5%)";50;52;;;;;;53,00;0,00;"ja";;;"049";"De bedekking van soorten uit de ha-groep + heide (incl. pijpenstrootje)  ≥ 30% EN deze bedekken meer dan de soorten uit de hu-basisgroep EN freatofyten zijn grotendeels afwezig (< 5%)";;
35;;5300;;"De bedekking van veldrus > 10%";219;55;;;;;;230,00;0,00;"ja";;;"5300";"De bedekking van veldrus > 10%";;
36;;5100;99;"anders";55;0;"ja";;;;;55,00;0,00;"ja";;;"510099";"anders";;
37;"G";50;;"Is er minstens 1 soort uit de ha(plus)- of hn-groep frequent aanwezig (excl duizendblad en kleine klaver, smalle weegbree en gewoon struisgras)";240;70;;;;"in digitale sleutel uitgebreid naar hn-soorten";;240,00;55,00;;;;"050";"Is er minstens 1 soort uit de ha(plus)- of hn-groep frequent aanwezig (excl duizendblad en kleine klaver, smalle weegbree en gewoon struisgras)";;
38;"G";55;;"Is de bedekking van grote vossenstaart ≥ 30%";63;56;;;;;;63,00;56,00;;;;"055";"Is de bedekking van grote vossenstaart ≥ 30%";;
39;"G";56;1;"(De hc-(kern)groep  >=10% OF >= 1 soort van hc-kern frequent en >= 2 soorten van de hc-(kern)occasioneel)  EN hc-(kern) bedekt meer dan rbbzil, hu-kerngroep, rbbmsgroep EN diffhc+hm+ms >diffvos+hukern EN uitgebreide rbbzil <50%";65;0;"ja";;;"in digitale sleutel: ook het voorkomen van obligate freatofyten met een bedekking van min. 10% opgelegd; frequent: bedekking van min. 5%";;65,00;0,00;"ja";;;"0561";"(De hc-(kern)groep  >=10% OF >= 1 soort van hc-kern frequent en >= 2 soorten van de hc-(kern)occasioneel)  EN hc-(kern) bedekt meer dan rbbzil, hu-kerngroep, rbbmsgroep EN diffhc+hm+ms >diffvos+hukern EN uitgebreide rbbzil <50%";;
40;"G";56;2;"(De rbbzil-groep bedekt >=10% OF Er zijn minstens 3 soorten van de rbbzil-groep elk occasioneel aanwezig) EN rbbzil bedekt meer dan de hc-groep";75;0;"ja";;;;;75,00;0,00;"ja";;;"0562";"(De rbbzil-groep bedekt >=10% OF Er zijn minstens 3 soorten van de rbbzil-groep elk occasioneel aanwezig) EN rbbzil bedekt meer dan de hc-groep";;
41;"G";56;99;"anders";57;0;"ja";;;;;57,00;0,00;"ja";;;"05699";"anders";;
42;"G";58;;"Zijn uit de rbbms-groep, uitgebreid met moerasstruisgras, veldrus, gewoon haarmos en egelboterbloem ofwel 3 soorten elk occasioneel ofwel 2 soorten elk frequent aanwezig EN bedekt de rbbms-groep >10%";61;59;;;;"in digitale sleutel ipv 2 frequente soorten een groepbedekking van minstens 10%";;0,00;58,00;;"rbbms - ms";;"058";"Zijn uit de rbbms-groep, uitgebreid met moerasstruisgras, veldrus, gewoon haarmos en egelboterbloem ofwel 3 soorten elk occasioneel ofwel 2 soorten elk frequent aanwezig EN bedekt de rbbms-groep >10%";;
43;"G";59;;"Zijn wilde bertram, grote wederik, melkeppe, hennegras, ruw walstro, wateraardbei, veenpluis, veenmos en/of zwarte zegge samen abundant";131;60;;;;;;131,00;62,00;;;;"059";"Zijn wilde bertram, grote wederik, melkeppe, hennegras, ruw walstro, wateraardbei, veenpluis, veenmos en/of zwarte zegge samen abundant";;
44;"G";62;;"Is het een valleigrasland op veelal zandleem, leem of kleiige bodem EN is OFWEL grote vossenstaart abundant OFWEL trosdravik frequent aanwezig OFWEL (vos-groep + hc + hm + zil + moeras>= 30% en vos-groep >=10% en minstens 4 soorten uit deze verzameling)";63;70;;;;"in digitale sleutel uitweg gezocht voor vochtige valleigraslanden zonder ab. Vossenstaart of trosdravik";;63,00;70,00;;;;"062";"Is het een valleigrasland op veelal zandleem, leem of kleiige bodem EN is OFWEL grote vossenstaart abundant OFWEL trosdravik frequent aanwezig OFWEL (vos-groep + hc + hm + zil + moeras>= 30% en vos-groep >=10% en minstens 4 soorten uit deze verzameling)";;
45;"G";63;;"is weidekerveltorkruid, wilde kievitsbloem, grote pimpernel of weidekervel aanwezig";0;64;;"6510_hua - hp_ster";;;;0,00;64,00;;"6510_hua - hp_ster";;"063";"is weidekerveltorkruid, wilde kievitsbloem, grote pimpernel of weidekervel aanwezig";;
46;"G";64;1;"Trosdravik of grote trosdravik aanwezig";0;0;"ja";"rbbvos - hp_ster";;;;0,00;0,00;"ja";"rbbvos - hp_ster";;"0641";"Trosdravik of grote trosdravik aanwezig";;
47;"G";64;2;"Minstens 2 soorten uit de rbbvos-, rbbzil-groep, hc-groep of moerasgroep zijn aanwezig EN deze soorten zijn samen abundant";0;0;"ja";"rbbvos - hp_ster";;"in digitale sleutel >=10%";;0,00;0,00;"ja";"rbbvos - hp_ster";;"0642";"Minstens 2 soorten uit de rbbvos-, rbbzil-groep, hc-groep of moerasgroep zijn aanwezig EN deze soorten zijn samen abundant";;
48;"G";64;99;"Anders";70;0;"ja";;;;;70,00;0,00;"ja";;;"06499";"Anders";;
49;"G";65;;"Komen er minstens 5 soorten uit de hc-(kern)groep, elk minstens occasioneel voor";0;0;;"rbbhc - hc";"rbbhc - hc_min";"in digitale sleutel: 4 ipv 5";;0,00;0,00;;"rbbhc - hc";"rbbhc - hc_min";"065";"Komen er minstens 5 soorten uit de hc-(kern)groep, elk minstens occasioneel voor";;
50;"G";70;;"Zijn kamgras en/of veldgerst abundant aanwezig";71;81;;;;"in digitale sleutel >=5%";;71,00;80,00;;;;"070";"Zijn kamgras en/of veldgerst abundant aanwezig";;
51;"G";71;;"Zijn wilde peterselie en/of knopig doornzaad aanwezig";0;72;;"rbbkam_ster - hp_ster";;;;0,00;72,00;;"rbbkam_ster - hp_ster";;"071";"Zijn wilde peterselie en/of knopig doornzaad aanwezig";;
52;"G";72;;"Komen de typische kruiden (gewone brunel, madeliefje, tijmereprijs, vertakte leeuwentand) samen abundant voor";0;0;;"rbbkam_ster - hp_ster";"rbbkam - hp_ster";;;0,00;0,00;;"rbbkam_ster - hp_ster";"rbbkam - hp_ster";"072";"Komen de typische kruiden (gewone brunel, madeliefje, tijmereprijs, vertakte leeuwentand) samen abundant voor";;
53;"G";75;;"minstens 4 soorten uit rbbzil-groep minstens frequent of minstens 6 soorten uit rbbzil-groep occasioneel";0;76;;"rbbzil_ster - hp_ster";;"in digitale sleutel verminderd tot resp. 3 en 5 soorten";;0,00;76,00;;"rbbzil_ster - hp_ster";;"075";"minstens 4 soorten uit rbbzil-groep minstens frequent of minstens 6 soorten uit rbbzil-groep occasioneel";;
54;"G";76;;"Zijn geknikte vossenstaart, fioringras, krulzuring en/of ruige zegge EN/OF soorten uit de rbbzil-groep frequent aanwezig";0;57;;"rbbzil - hp_ster";;"in digitale sleutel beide groepen >= 5% bedekking";;0,00;80,00;;"rbbzil - hp_ster";;"076";"Zijn geknikte vossenstaart, fioringras, krulzuring en/of ruige zegge EN soorten uit de rbbzil-groep frequent aanwezig";;
55;;80;;"Zijn wilde bertram, grote wederik, melkeppe, hennegras, ruw walstro, wateraardbei, veenpluis, veenmos en/of zwarte zegge samen abundant aanwezig";131;81;;;;;;131,00;81,00;;;;"080";"Zijn wilde bertram, grote wederik, melkeppe, hennegras, ruw walstro, wateraardbei, veenpluis, veenmos en/of zwarte zegge samen abundant aanwezig";;
56;"G";81;;"Bedekken de hu-basisgroep en -kerngroep samen > 50% EN is er van de hu-kerngroep minimaal 1 soort frequent of 2 soorten occasioneel aanwezig";0;82;;"gh - hu_min";;;;0,00;82,00;;"gh - hu_min";;"081";"Bedekken de hu-basisgroep en -kerngroep samen > 50% EN is er van de hu-kerngroep minimaal 1 soort frequent of 2 soorten occasioneel aanwezig";;
57;"G";85;;"Zijn meerdere kruiden (uitgez. kruipende boterbloem, paardenbloem, ridderzuring, gewone hoornbloem, vogelmuur, grote brandnetel, akkerdistel en hondsdraf) en/of reukgras, kamgras of schijngrassen elk frequent aanwezig";0;0;;"gh - hp_ster";"gh - hp";"in digitale sleutel beperkt tot meerjarige kruiden (anders kunnen Capsella, Polygonum, … leiden naar hp*), ook pitrus uitgesloten";;83,00;84,00;;"gh - hp_ster";"gh - hp";"085";"Zijn meerdere kruiden (uitgez. kruipende boterbloem, paardenbloem, ridderzuring, gewone hoornbloem, vogelmuur, grote brandnetel, akkerdistel en hondsdraf) en/of reukgras, kamgras of schijngrassen elk frequent aanwezig";;
58;"G";86;;"Is het perceel rijk aan microreliëf en/of grachten/greppels";0;0;;;;"niet opgenomen in de digitale sleutel";;0,00;0,00;;"gh - hpr_ster";"gh - hp_ster";"086";"Is het perceel rijk aan microreliëf en/of grachten/greppels";;
59;"G";87;;"Is het perceel rijk aan microreliëf en/of grachten/greppels";0;0;;;;"niet opgenomen in de digitale sleutel";;0,00;0,00;;"gh - hpr ";"gh - hp";"087";"Is het perceel rijk aan microreliëf en/of grachten/greppels";;
60;"G";90;;"is het een soortenarm grasland gedomineerd door hoogproductieve raaigrassen en/of ruw beemdgras (alle met blinkende bladeren); indien kruiden aanwezig, zijn deze vrijwel beperkt tot witte klaver, paardenbloem en eenjarigen (straatgras, herderstasje, vogel";0;91;;"gh - hx";;;;0,00;101,00;;"gh - hx";;"090";"is het een soortenarm grasland gedomineerd door hoogproductieve raaigrassen en/of ruw beemdgras (alle met blinkende bladeren); indien kruiden aanwezig, zijn deze vrijwel beperkt tot witte klaver, paardenbloem en eenjarigen (straatgras, herderstasje, vogel";;
61;"G";91;;"Is de bodem zandig EN zijn borstelgras, fijn schapengras, zilverhaver, vroege haver, buntgras en/of zandzegge samen dominant ?";243;93;;;;;;243,00;102,00;;;;"091";"Is de bodem zandig EN zijn borstelgras, fijn schapengras, zilverhaver, vroege haver, buntgras en/of zandzegge samen dominant ?";;
62;;10200;;"Zijn grote russen (pitrus, biezenknoppen, veldrus, paddenrus, zeegroene rus) co-dominant ?";95;93;;;;"is ondervangen met regel 29 (id18)";;105,00;103,00;;;;"10200";"Zijn grote russen (pitrus, biezenknoppen, veldrus, paddenrus, zeegroene rus) co-dominant ?";;
63;"G";93;;"Zijn helofyten (grote zeggen, riet, liesgras, lisdodde, galigaan, mattenbies, ruwe bies of grote egelskop) dominant ?";0;94;;"_M";;"in de digitale sleutel vereenvoudigd /uitgebreid naar de moerasgroep";;0,00;104,00;;"_M";;"093";"Zijn helofyten (grote zeggen, riet, liesgras, lisdodde, galigaan, mattenbies, ruwe bies of grote egelskop) dominant ?";;
64;"G";94;1;"bochtige smele en/of pijpenstrootje zijn dominant";0;0;"ja";"_H";;"in digitale sleutel uitgebreid tot het grootste aandeel in de bedekking";;0,00;0,00;"ja";"_H";;"0941";"bochtige smele en/of pijpenstrootje zijn dominant";;
65;"G";94;2;"ruwe smele en/of tweerijige zegge zijn dominant";0;0;"ja";"rbbhc - hc_min";;"in digitale sleutel uitgebreid tot het grootste aandeel in de bedekking";;0,00;0,00;"ja";"rbbhc - hc_min";;"0942";"ruwe smele en/of tweerijige zegge zijn dominant";;
66;"G";94;3;"rietgras is dominant";0;0;"ja";"gh - hp";;"in digitale sleutel uitgebreid tot het grootste aandeel in de bedekking";;0,00;0,00;"ja";"gh - hp";;"0943";"rietgras is dominant";;
67;"G";94;4;"liesgras is dominant";0;0;"ja";"gh - mr_min";;"in digitale sleutel uitgebreid tot het grootste aandeel in de bedekking";;0,00;0,00;"ja";"gh - mr_min";;"0944";"liesgras is dominant";;
68;"G";94;5;"kropaar en/of kweek zijn samen dominant";0;0;"ja";"gh - hr";;"in digitale sleutel uitgebreid tot het grootste aandeel in de bedekking";;0,00;0,00;"ja";"gh - hr";;"0945";"kropaar en/of kweek zijn samen dominant";;
69;"G";94;6;"Italiaans raaigras is dominant";0;0;"ja";"gh - hx";;"in digitale sleutel uitgebreid tot het grootste aandeel in de bedekking";;0,00;0,00;"ja";"gh - hx";;"0946";"Italiaans raaigras is dominant";;
70;"G";94;7;"duinriet is dominant";0;0;"ja";"gh - ku_min";;"in digitale sleutel uitgebreid tot het grootste aandeel in de bedekking";;0,00;0,00;"ja";"gh - ku_min";;"0947";"duinriet is dominant";;
71;"G";94;99;"Anders";95;0;"ja";;;;;106,00;0,00;"ja";;;"09499";"Anders";;
72;;10500;;"Zijn veldrus en/of paddenrus (co)dominant";0;0;;"rbbhc - hc_min";"gh - hj";"is reeds ondervangen: regel 29 (id18) in digitale sleutel bedekking 30%";;0,00;0,00;;"rbbhc - hc_min";"gh - hj";"10500";"Zijn veldrus en/of paddenrus (co)dominant";;
73;"G";106;1;"Kamgras en/of veldgerst zijn abundant En tezamen bedekken ze meer dan reukgras";0;0;"ja";"rbbkam - hp_ster";;"in digitale sleutel: >= 10";;0,00;0,00;"ja";"rbbkam - hp_ster";;"1061";"Kamgras en/of veldgerst zijn abundant En tezamen bedekken ze meer dan reukgras";;
74;"G";106;2;"Gewoon reukgras is abundant En bedekt meer dan kamgras en veldgerst";0;0;"ja";"gh - hp_ster";;;;0,00;0,00;"ja";"gh - hp_ster";;"1062";"Gewoon reukgras is abundant En bedekt meer dan kamgras en veldgerst";;
75;"G";106;99;"Anders";0;0;"ja";"gh - hp";;;;0,00;0,00;"ja";"gh - hp";;"10699";"Anders";;
76;"G";110;;"Zijn er minstens 2 soorten van natte strooiselruigten samen abundant aanwezig";131;0;;;"gh - hr";;;131,00;111,00;;;;"110";"Zijn er minstens 2 soorten van natte strooiselruigten samen abundant aanwezig";;
77;"G";111;1;"In de vegetatie komen nog grazige, niet of weinig verruigde zones voor EN deze hebben een aandeel van min 10%";112;0;"ja";;;"niet in digitale sleutel";;112,00;0,00;"ja";;;"1111";"In de vegetatie komen nog grazige, niet of weinig verruigde zones voor EN deze hebben een aandeel van min 10%";;
78;"G";111;2;"De vegetatie is homogeen verruigd, met verspreid nog typische soorten van elders in deze sleutel beschreven graslandtypen (excl. hp en hx)";113;0;"ja";;;"niet in digitale sleutel";;113,00;0,00;"ja";;;"1112";"De vegetatie is homogeen verruigd, met verspreid nog typische soorten van elders in deze sleutel beschreven graslandtypen (excl. hp en hx)";;
79;"G";111;99;"Anders";0;0;"ja";;;"niet in digitale sleutel";;0,00;0,00;"ja";"gh - hr";;"11199";"Anders";;
80;"G";112;;"Doorloop de sleutel afzonderlijk voor de niet of weinig verruigde zones en noteer de uitkomst als tweede eenheid";0;0;;;;"niet in digitale sleutel";;0,00;0,00;;;;"112";"Doorloop de sleutel afzonderlijk voor de niet of weinig verruigde zones en noteer de uitkomst als tweede eenheid";;
81;"G";113;;"Doorloop de sleutel vanaf stap 30 zonder rekening te houden met de verruigingsindicatoren om het oorspronkelijke graslandtype te bepalen. Noteer, als er voldoende sleutelsoorten aanwezig zijn, de uitkomst als tweede eenheid met /-verhouding:";0;0;;;;"niet in digitale sleutel";;0,00;0,00;;;"gh - hr";"113";"Doorloop de sleutel vanaf stap 30 zonder rekening te houden met de verruigingsindicatoren om het oorspronkelijke graslandtype te bepalen. Noteer, als er voldoende sleutelsoorten aanwezig zijn, de uitkomst als tweede eenheid met /-verhouding:";;
82;"G";119;;"is paddenrus >= 10%";120;122;;;;;;121,00;122,00;;;;"119";"is paddenrus abundant";;
83;;12100;;"Is de mk-groep +-moerasgroep > hm(e)-groep";0;223;;"7230 - mk";;;;0,00;122,00;;"7230 - mk";;"12100";"Is de mk-groep +-moerasgroep > hm(e)-groep";;
84;"G";122;;"Is pitrus >= 40% OF veldrus <= 10%";0;34;;"gh - hj";;;;123,00;230,00;;;;"122";"Is pitrus (co)dominant of veldrus minder dan abundant";;
85;"G";123;1;"In de vegetatie komen nog grazige, niet door pitrus, biezenknoppen en/of zeegroene rus gedomineerde zones voor EN deze hebben een aandeel van min 10%";0;0;"ja";;;"niet in digitale sleutel";;124,00;0,00;"ja";;;"1231";"In de vegetatie komen nog grazige, niet door pitrus, biezenknoppen en/of zeegroene rus gedomineerde zones voor EN deze hebben een aandeel van min 10%";;
86;"G";123;2;"De vegetatie is eerder homogeen verstoord, met verspreid nog voldoende typische soorten van een elders in deze sleutel beschreven graslandtype";125;0;"ja";;;"niet in digitale sleutel";;125,00;0,00;"ja";;;"1232";"De vegetatie is eerder homogeen verstoord, met verspreid nog voldoende typische soorten van een elders in deze sleutel beschreven graslandtype";;
87;"G";123;99;"Anders";0;0;"ja";;;"niet in digitale sleutel";;0,00;0,00;"ja";"gh - hj";;"12399";"Anders";;
88;"G";124;;"Doorloop de sleutel afzonderlijk voor de niet of weinig verruigde zones en noteer de uitkomst als tweede eenheid.";0;0;;;;"niet in digitale sleutel";;0,00;0,00;;;;"124";"Doorloop de sleutel afzonderlijk voor de niet of weinig verruigde zones en noteer de uitkomst als tweede eenheid.";;
89;"G";125;;"Doorloop de sleutel vanaf stap 40 zonder rekening te houden met pitrus, biezenknoppen en zeegroene rus om het oorspronkelijke graslandtype te bepalen. Noteer als er voldoende sleutelsoorten aanwezig zijn de uitkomst als tweede eenheid met /-verhouding";0;0;;;;"niet in digitale sleutel";;0,00;0,00;;;"gh - hj";"125";"Doorloop de sleutel vanaf stap 40 zonder rekening te houden met pitrus, biezenknoppen en zeegroene rus om het oorspronkelijke graslandtype te bepalen. Noteer als er voldoende sleutelsoorten aanwezig zijn de uitkomst als tweede eenheid met /-verhouding";;
90;"G";129;;"Zijn de soorten van natte strooiselruigten samen abundant EN zijn er minstens 2 soorten elk frequent ?";130;0;;;"gh - hr";"in digitale sleutel >=30%";;131,00;111,00;;;;"129";"Zijn de soorten van natte strooiselruigten samen abundant EN zijn er minstens 2 soorten elk frequent ?";;
91;"G";131;;"Zijn wilde bertram, grote wederik, melkeppe, hennegras, ruw walstro, wateraardbei, veenpluis, veenmos en/of zwarte zegge samen abundant EN bedekken ze + ms-groep  meer dan de natte strooiselruigten-groep";138;132;;;;;;138,00;132,00;;;;"131";"Zijn wilde bertram, grote wederik, melkeppe, hennegras, ruw walstro, wateraardbei, veenpluis, veenmos en/of zwarte zegge samen abundant EN bedekken ze + ms-groep  meer dan de natte strooiselruigten-groep";;
92;"G";132;1;"Buitendijks langs Schelde of Maas EN harig wilgenroosje frequent";133;0;"ja";;;"In digitale sleutel geen rekening met ligging";;133,00;0,00;"ja";;;"1321";"Buitendijks langs Schelde of Maas EN harig wilgenroosje frequent";;
93;"G";132;2;"Zomerklokje is frequent aanwezig (vnl. benedenloop Kleine Nete):";133;0;"ja";;;;;133,00;0,00;"ja";;;"1322";"Zomerklokje is frequent aanwezig (vnl. benedenloop Kleine Nete):";;
94;"G";132;3;"Harig wilgenroosje abundant EN de soort bedekt meer dan de overige soorten van natte strooiselruigten samen EN gelegen in directe omgeving van een waterloop";133;0;"ja";;;"In digitale sleutel geen rekening met ligging";;133,00;0,00;"ja";;;"1323";"Harig wilgenroosje abundant EN de soort bedekt meer dan de overige soorten van natte strooiselruigten samen EN gelegen in directe omgeving van een waterloop";;
95;"G";132;99;"Anders";134;0;"ja";;;;;134,00;0,00;"ja";;;"13299";"Anders";;
96;"G";133;;"Is de bedekking van akkerdistel, braam, ridderzuring, liesgras, grote brandnetel en rietgras samen > 30%";0;0;;"6430_hw - hfe_min";"6430_hw - hfe";;;0,00;0,00;;"6430_hw - hfe_min";"6430_hw - hfe";"133";"Is de bedekking van akkerdistel, braam, ridderzuring, liesgras, grote brandnetel en rietgras samen > 30%";;
97;"G";134;1;"De bedekking soorten van natte strooiselruigten > 70% EN gelegen in directe omgeving van een waterloop";0;0;"ja";"6430_hf - hf_ster";;"In digitale sleutel geen rekening met ligging";;0,00;0,00;"ja";"6430_hf - hf_ster";;"1341";"De bedekking soorten van natte strooiselruigten > 70% EN gelegen in directe omgeving van een waterloop";;
98;"G";134;2;"De bedekking van grassen (uitgezonderd riet- en liesgras) is < 30% EN gelegen in directe omgeving van een waterloop";0;0;"ja";"6430_hf - hf";;;;0,00;0,00;"ja";"6430_hf - hf";;"1342";"De bedekking van grassen (uitgezonderd riet- en liesgras) is < 30% EN gelegen in directe omgeving van een waterloop";;
99;"G";134;99;"Anders";135;0;"ja";;;;;135,00;0,00;"ja";;;"13499";"Anders";;
100;"G";135;;"Soorten van natte strooiselruigten zijn (co)dominant";136;137;;;;;;136,00;137,00;;;;"135";"Soorten van natte strooiselruigten zijn (co)dominant";;
101;"G";136;1;"Poelruit is frequent aanwezig";0;0;"ja";"rbbhf - hft";;;;0,00;0,00;"ja";"rbbhf - hft";;"1361";"Poelruit is frequent aanwezig";;
102;"G";136;2;"Moesdistel en/of reuzenpaardenstaart zijn frequent aanwezig";0;0;"ja";"rbbhf - hfc";;;;0,00;0,00;"ja";"rbbhf - hfc";;"1362";"Moesdistel en/of reuzenpaardenstaart zijn frequent aanwezig";;
103;"G";136;99;"Anders";0;0;"ja";"rbbhf - hf";;;;0,00;0,00;"ja";"rbbhf - hf";;"13699";"Anders";;
104;"G";137;1;"Poelruit is frequent aanwezig";0;0;"ja";"rbbhf - hft_min";;;;0,00;0,00;"ja";"rbbhf - hft_min";;"1371";"Poelruit is frequent aanwezig";;
105;"G";137;2;"Moesdistel en/of reuzenpaardenstaart zijn frequent aanwezig";0;0;"ja";"rbbhf - hfc_min";;;;0,00;0,00;"ja";"rbbhf - hfc_min";;"1372";"Moesdistel en/of reuzenpaardenstaart zijn frequent aanwezig";;
106;"G";137;99;"Anders";0;0;"ja";"rbbhf - hf_min";;;;0,00;0,00;"ja";"rbbhf - hf_min";;"13799";"Anders";;
107;"G";138;;"Zijn wilde bertram, grote wederik, melkeppe, hennegras, ruw walstro, wateraardbei, veenpluis, veenmos en/of zwarte zegge (inclusief soorten van natte strooiselruigten) samen (co)dominant ?";0;0;;"rbbhfl - hfl";"rbbhfl - hfl_min";;;0,00;0,00;;"rbbhf - hfl";"rbbhf - hfl_min";"138";"Zijn wilde bertram, grote wederik, melkeppe, hennegras, ruw walstro, wateraardbei, veenpluis, veenmos en/of zwarte zegge (inclusief soorten van natte strooiselruigten) samen (co)dominant ?";;
108;"G";150;1;"Soortenrijke, bloemrijke vegetaties met meerdere bijzondere soorten, samen frequent aanwezig";0;0;"ja";"gh - ku_ster";;"in digitale sleutel: >=30 soorten of >=25 soorten met een zeldzame soort (cfr. lijst in veldsleutel, aangevuld met nog enkele andere soorten)";;0,00;0,00;"ja";"gh - ku_ster";;"1501";"Soortenrijke, bloemrijke vegetaties met meerdere bijzondere soorten, samen frequent aanwezig";;
109;"G";150;2;"met duingraslandsoorten (zie stap 10) buiten de ecoregio van de kustduinen";0;0;"ja";"gh - ku_ster";;"in digitale sleutel niet in combinatie met 1";;0,00;0,00;"ja";"gh - ku_ster";;"1502";"met duingraslandsoorten (zie stap 10) buiten de ecoregio van de kustduinen";;
110;"G";150;3;"Aandeel aan uitheemse invasieve planten in de vegetatie ≥ 50%";0;0;"ja";"gh - ku_min";;;;0,00;0,00;"ja";"gh - ku_min";;"1503";"Aandeel aan uitheemse invasieve planten in de vegetatie ≥ 50%";;
111;"G";150;99;"Anders";0;0;"ja";"gh - ku";;;;0,00;0,00;"ja";"gh - ku";;"15099";"Anders";;
112;"G";200;;"Is grote pimpernel occasioneel aanwezig";203;201;;;;"in digitale sleutel: aanwezigheid volstaat";;203,00;201,00;;;;"200";"Is grote pimpernel occasioneel aanwezig";;
113;"G";201;;"Is weidekerveltorkruid, wilde kievitsbloem of weidekervel aanwezig";0;202;;"6510_hua - hp_ster";;;;0,00;202,00;;"6510_hua - hp_ster";;"201";"Is weidekerveltorkruid, wilde kievitsbloem of weidekervel aanwezig";;
114;"G";202;;"Zijn er minstens 7 soorten uit de hu-kerngroep aanwezig";0;0;;"6510_hu - hu_ster";"6510_hu - hu";"in digitale sleutel vanaf 5 soorten en aangevuld met hm/hn/hckern/Haplus/hk/husc-soorten";;0,00;0,00;;"6510_hu - hu_ster";"6510_hu - hu";"202";"Zijn er minstens 7 soorten uit de hu-kerngroep aanwezig";;
115;"G";203;;"Zijn er minstens 7 soorten uit de hu-kerngroep aanwezig";0;0;;"6510_hus - hu_ster";"6510_hus - hu";"in digitale sleutel vanaf 5 soorten en aangevuld met hm/hn/hckern/Haplus/hk/husc-soorten";;0,00;0,00;;"6510_hus - hu_ster";"6510_hus - hu";"203";"Zijn er minstens 7 soorten uit de hu-kerngroep aanwezig";;
116;"G";210;;"Zijn vochtindicatoren (bijv. dopheide, heidekartelblad, gevlekte orchis, klokjesgentiaan, zwarte zegge, blauwe zegge, geelgroene zegge, moerasstruisgras, gewone waternavel, veldrus, ...) samen frequent aanwezig";211;212;;;;"in digitale sleutel lijst van facultatieve en obligate freatofyten";;211,00;212,00;;;;"210";"Zijn vochtindicatoren (bijv. dopheide, heidekartelblad, gevlekte orchis, klokjesgentiaan, zwarte zegge, blauwe zegge, geelgroene zegge, moerasstruisgras, gewone waternavel, veldrus, ...) samen frequent aanwezig";;
117;"G";211;;"Zijn er minstens 3 soorten uit de hmo-groep, elk occasioneel, aanwezig";0;0;;"6230_hmo - hmo";"6230_hmo - hmo_min";"in digitale sleutel: 3 soorten aanwezig";;0,00;0,00;;"6230_hmo - hmo";"6230_hmo - hmo_min";"211";"Zijn er minstens 3 soorten uit de hmo-groep, elk occasioneel, aanwezig";;
118;"G";213;;"Zijn er minstens 4 soorten uit de heischrale of uit de ha* groep aanwezig EN bedekken deze samen minstens 10%";0;0;;"6230_hn - hn";"6230_hn - hn_min";;;0,00;0,00;;"6230_hn - hn";"6230_hn - hn_min";"213";"Zijn er minstens 4 soorten uit de heischrale of uit de ha* groep aanwezig EN bedekken deze samen minstens 10%";;
119;"G";219;;"Is veldrus frequent EN is klein glidkruid aanwezig";225;220;;;;"To Do: verder uittesten & uitwerken op basis analyse Els (Steven)";"deze regel is een beetje overbodig. Via 650 komt men ook bij 670 uit.";225,00;221,00;;;;"219";"Is veldrus frequent EN is klein glidkruid aanwezig";;
120;"G";220;;"is er minstens één soort uit de Hme-groep frequent en/of twee basenminnende soorten aanwezig";222;221;;;;;;223,00;222,00;;"6410_mo";;"220";"is er minstens één soort uit de Hme-groep frequent en/of twee basenminnende soorten aanwezig";;
121;"G";221;1;"Er is minstens één onderlijnde soort uit de hm(m)-groep aanwezig";224;0;"ja";;;"in digitale sleutel ook Spaanse ruiter meegenomen, kl. Glidkruid geschrapt";;224,00;0,00;"ja";;;"2211";"Er is minstens één onderlijnde soort uit de hm(m)-groep aanwezig";;
122;"G";221;2;"Er is minstens één onderlijnde soort uit de hmo-groep aanwezig";211;0;"ja";;;;;211,00;0,00;"ja";;;"2212";"Er is minstens één onderlijnde soort uit de hmo-groep aanwezig";;
123;"G";221;99;"Anders";226;0;"ja";;;;;0,00;0,00;"ja";"6230,6410 - hm_min";;"22199";"Anders";;
124;"G";223;;"Zijn er minstens 4 soorten uit de hm(e/m) groep aanwezig";0;0;;"6410_mo - hme";"6410_mo - hme_min";"in digitale sleutel werd pijpenstrootje niet meegenomen";;0,00;0,00;;"6410_mo - hme";"6410_mo - hme_min";"223";"Zijn er minstens 4 soorten uit de hm(e/m) groep aanwezig";;
125;"G";224;;"Zijn er minstens 4 soorten uit de hm(e/m) groep aanwezig";0;0;;"6410_mo - hmm";"6410_mo - hmm_min";"in digitale sleutel werd pijpenstrootje niet meegenomen";;0,00;0,00;;"6410_mo - hmm";"6410_mo - hmm_min";"224";"Zijn er minstens 4 soorten uit de hm(e/m) groep aanwezig";;
126;"G";225;;"Zijn er minstens 4 soorten uit de hm-, hme- of hmm-groep aanwezig";0;0;;"6410_ve - hm";"6410_ve - hm_min";"in digitale sleutel werd pijpenstrootje niet meegenomen";;0,00;0,00;;"6410_ve - hm";"6410_ve - hm_min";"225";"Zijn er minstens 4 soorten uit de hm-, hme- of hmm-groep aanwezig";;
127;;23000;;"Is klein glidkruid aanwezig";225;231;;;;;;225,00;231,00;;;;"23000";"Is klein glidkruid aanwezig";;
128;;23100;;"Uit de hm(m/e)-groep zijn OFWEL 3 soorten elk occasioneel aanwezig OFWEL 2 soorten elk frequent aanwezig; beide uitgezonderd moerasviooltje en sterzegge";221;233;;;;;;222,00;0,00;"ja";;;"23100";"Uit de hm(m/e)-groep zijn OFWEL 3 soorten elk occasioneel aanwezig OFWEL 2 soorten elk frequent aanwezig; beide uitgezonderd moerasviooltje en sterzegge";;
129;"G";226;;"De bedekking van moerasgroep > overige vegetatie (hoge russen, moerasviooltje en sterzegge niet meegerekend)";0;227;;"_M";;;;0,00;0,00;"ja";"_M";;"226";"De bedekking van moerasgroep > overige vegetatie (hoge russen, moerasviooltje en sterzegge niet meegerekend)";;
130;;23100;99;"Anders";235;0;"ja";;;;;232,00;0,00;"ja";;;"2310099";"Anders";;
131;"G";229;;"Zijn uit de rbbms-groep, uitgebreid met moerasstruisgras, gewoon haarmos en egelboterbloem ofwel 3 soorten elk occasioneel ofwel 2 soorten elk frequent aanwezig EN bedekt de rbbms-groep >10%";0;230;;"rbbms - ms";;"in digitale sleutel ipv 2 frequente soorten een groepbedekking van minstens 10%";;0,00;233,00;;"rbbms - ms";;"229";"Zijn uit de rbbms-groep, uitgebreid met moerasstruisgras, gewoon haarmos en egelboterbloem ofwel 3 soorten elk occasioneel ofwel 2 soorten elk frequent aanwezig EN bedekt de rbbms-groep >10%";;
132;"G";230;;"Bedekken de soorten van natte strooiselruigten ≥ 30%";131;65;;;;;;131,00;0,00;;;"rbbhc";"230";"Bedekken de soorten van natte strooiselruigten ≥ 30%";;
133;"G";240;;"Zijn er kensoorten van soortenrijke struisgraslanden (ha*-groep en heischrale groep) aanwezig";241;248;;;;;;241,00;247,00;;;;"240";"Zijn er kensoorten van soortenrijke struisgraslanden (ha*-groep en heischrale groep) aanwezig";;
134;"G";241;;"Is het een open, grazige vegetatie op kalkarme, droge zandgrond met abundant éénjarigen (ongeacht hun bedekking) en vroege haver, klein vogelpootje, zilverhaver, klein tasjeskruid, dwergviltkruid, eekhoorngras en/of zandblauwtje tezamen frequent  zijn";0;242;;"2330_dw";;"in digitale sleutel: abundant eenjarigen = bedekking >1% of soorten met a. of m.; frequent: min. 2 soorten met p.; open: <80%";;0,00;242,00;;"2330_dw";;"241";"Is het een open, grazige vegetatie op kalkarme, droge zandgrond met abundant éénjarigen (ongeacht hun bedekking) en vroege haver, klein vogelpootje, zilverhaver, klein tasjeskruid, dwergviltkruid, eekhoorngras en/of zandblauwtje tezamen frequent  zijn";;
135;"G";242;;"OFWEL komt er minstens 1 kensoort van de ha*-groep frequent voor OFWEL zijn minstens 3 kensoorten van de soortenrijke struisgraslanden (ha* en heischrale groep) elk occasioneel";0;0;;"6230_ha - ha_ster";"rbbha - ha";;;0,00;0,00;;"6230_ha - ha_ster";"rbbha - ha";"242";"OFWEL komt er minstens 1 kensoort van de ha*-groep frequent voor OFWEL zijn minstens 3 kensoorten van de soortenrijke struisgraslanden (ha* en heischrale groep) elk occasioneel";;
136;"G";243;1;"Aandeel buntgras (en zandzegge) in de vegetatie ≥ 50%";0;0;"ja";"_H";;"in digitale sleutel ook A. vinealis";;0,00;0,00;"ja";"_H";;"2431";"Aandeel buntgras (en zandzegge) in de vegetatie ≥ 50%";;
137;"G";243;2;"Bedekking bochtige smele ≥ 50%";0;0;"ja";"_H";;;;0,00;0,00;"ja";"_H";;"2432";"Bedekking bochtige smele ≥ 50%";;
138;"G";243;3;"Bedekking borstelgras ≥ 50%";210;0;"ja";;;;;210,00;0,00;"ja";;;"2433";"Bedekking borstelgras ≥ 50%";;
139;"G";243;4;"Bedekking pijpenstrootje ≥ 30%";244;0;"ja";;;;;245,00;0,00;"ja";;;"2434";"Bedekking pijpenstrootje ≥ 30%";;
140;"G";243;5;"Abundant éénjarigen (ongeacht hun bedekking), waarbij vroege haver, klein vogelpootje, zilverhaver, klein tasjeskruid, dwergviltkruid, eekhoorngras en/of zandblauwtje tezamen frequent aanwezig zijn";0;0;"ja";"2330";;;;0,00;0,00;"ja";"2330";;"2435";"Abundant éénjarigen (ongeacht hun bedekking), waarbij vroege haver, klein vogelpootje, zilverhaver, klein tasjeskruid, dwergviltkruid, eekhoorngras en/of zandblauwtje tezamen frequent aanwezig zijn";;
141;"G";243;99;"Anders";47;0;"ja";;;;;240,00;0,00;"ja";;;"24399";"Anders";;
142;"G";245;;"heischrale soorten >=5% EN heischraal differentiërende soorten bedekken meer dan differentiërende soorten voor hm/hc  en ms";210;246;;;;"in digitale sleutel geen controle op pollenstructuur of strooisel mogelijk, heischrale soorten bedekken minstens 5%";;210,00;246,00;;;;"245";"Is pijpenstro niet pollenvormend EN is er weinig strooisel met minstens frequent heischrale soorten EN is het aandeel van deze soorten > het aandeel soorten van natte heide (dophei, veenpluis, beenbreek, witte en bruine snavelbies), droge hei en hm";;
143;;246;1;"Is het aandeel in de vegetatie van soorten van natte heide (dophei, veenpluis, veenbies, beenbreek, bruine en witte snavelbies) > 10% en  > bedekking van hc_hm-groep of moeras-groep";0;0;;"_H";;"in digitale sleutel hc_hm, uitgebreid met biezenknoppen, reukgras, moerasstruisgras, wederik en gestreepte witbol";;0,00;247,00;;"_H";;"2461";"Is het aandeel in de vegetatie van soorten van natte heide (dophei, veenpluis, veenbies, beenbreek, bruine en witte snavelbies) > 10% en  > bedekking van hc_hm-groep of moeras-groep";;
144;"G";248;;"Zijn er minstens 4 soorten, elk frequent aanwezig van de ha-groep en/of heidesoorten";0;0;;"rbbha - ha";"gh - ha_min";"in digitale sleutel uitgebreid naar hn";;0,00;0,00;;"rbbha - ha";"gh - ha_min";"248";"Zijn er minstens 4 soorten, elk frequent aanwezig van de ha-groep en/of heidesoorten";;
145;"G";250;;"Er zijn minstens 2 soorten uit de hn-groep aanwezig EN er is minstens 1 soort uit hnk-groep aanwezig EN obligate freatofyten zijn afwezig EN op een van nature kalkrijkere bodem";0;251;;"6230_hnk - hn";;"in digitale sleutel is de kalkvoorwaarde niet meegenomen";;0,00;251,00;;"6230_hnk - hn";;"250";"Er zijn minstens 2 soorten uit de hn-groep elk occasioneel aanwezig EN er is minstens 1 soort uit hnk-groep occasioneel aanwezig EN obligate freatofyten zijn afwezig EN op een van nature kalkrijkere bodem";;
146;"G";251;;"Zijn er minstens 2 soorten uit de hk-groep aanwezig (enkel zuiden en oosten van Limburg en Voerstreek) en bedekken basenminners >=5 %";255;252;;;;"in digitale sleutel worden ook een aantal orchideeën tot de Hk-groep gerekend, voor de bedekking is de hk-groep uitgebreid met 14 soorten (oa. C. flacca)";;255,00;252,00;;;;"251";"Zijn er minstens 2 soorten uit de hk-groep elk occasioneel aanwezig (enkel zuiden en oosten van Limburg en Voerstreek) en bedekken basenminners >=5 %";;
147;"G";252;1;"Het is een begraasd grasland met kamgras en/of ruige weegbree samen frequent EN aarddistel, beemdkroon, gulden sleutelbloem, ruige leeuwentand en/of voorjaarszegge zijn aanwezig EN basenminnaars >= 5% (zuiden en oosten van Limburg en Voerstreek)";258;0;"ja";;;"in digitale sleutel: bedekking kamgras/weegbree >=5%";;258,00;0,00;"ja";;;"2521";"Het is een begraasd grasland met kamgras en/of ruige weegbree samen frequent EN aarddistel, beemdkroon, gulden sleutelbloem, ruige leeuwentand en/of voorjaarszegge samen minstens occasioneel aanwezig (zuiden en oosten van Limburg en Voerstreek)";;
148;"G";252;2;"Het is een droog, open, bloemrijk grasland op zandige oeverwallen en dijken langs de Maas, vaak met een ruderaal karakter, met minstens 3 soorten uit de Sedo-Cerastion groep EN basenminnaars >= 5%";0;0;"ja";"6120 - hu";;;;0,00;0,00;"ja";"6120 - hu";;"2522";"Het is een droog, open, bloemrijk grasland op zandige oeverwallen en dijken langs de Maas, vaak met een ruderaal karakter, met minstens 3 soorten uit de Sedo-Cerastion groep elk occasioneel";;
149;"G";252;99;"Anders";45;0;"ja";;;;;253,00;0,00;"ja";;;"25299";"Anders";;
150;;25300;;"Zijn er uit de hm of hme-groep (OFWEL 3 soorten occasioneel OFWEL 2 soorten frequent aanwezig) EN zijn er obligate freatofyten (zie lijst onder 250) aanwezig";254;45;;;;;;254,00;45,00;;;;"25300";"Zijn er uit de hm of hme-groep (OFWEL 3 soorten occasioneel OFWEL 2 soorten frequent aanwezig) EN zijn er obligate freatofyten (zie lijst onder 250) aanwezig";;
151;"G";222;;"Is de mk-groep +-moerasgroep > hm(e)-groep";0;223;;"7230 - mk";;;;0,00;223,00;;"7230 - mk";;"222";"Is de mk-groep +-moerasgroep > hm(e)-groep";;
152;"G";255;;"Zijn minstens OFWEL 3 soorten hk-orchideeën aanwezig OFWEL een populatie van één van de hk-orchideeën aanwezig";256;257;;;;"in digitale sleutel ook bedekking van >= 5% als voorwaarde toegevoegd. Populatiegrootte is niet meegenomen";;256,00;257,00;;;;"255";"Zijn minstens OFWEL 3 soorten hk-orchideeën aanwezig OFWEL een populatie van één van de hk-orchideeën aanwezig";;
153;"G";256;;"Is de bedekking grassen > 50%";0;0;;"6210P_hk - hk";"6210P_hk - hk_ster";;;0,00;0,00;;"6210P_hk - hk";"6210P_hk - hk_ster";"256";"Is de bedekking grassen > 50%";;
154;"G";257;;"Is de bedekking grassen > 50%";0;0;;"6210_hk - hk_min";"6210_hk - hk";;;0,00;0,00;;"6210_hk - hk_min";"6210_hk - hk";"257";"Is de bedekking grassen > 50%";;
155;"G";258;;"Zijn er minstens 5 soorten uit de Galio-Trifolietum-groep aanwezig";0;0;;"6510_huk - hu_ster";"6510_huk - hu";"in digitale sleutel: 3 soorten";;0,00;0,00;;"6510_huk - hu_ster";"6510_huk - hu";"258";"Zijn er minstens 5 soorten uit de Galio-Trifolietum-groep aanwezig";;
156;"G";280;;"Ligt het grasland binnendijks";281;0;;;"_Z";;;281,00;0,00;;;"_Z";"280";"Ligt het grasland binnendijks";;
157;"G";281;;"Is het een open pioniersvegetatie gedomineerd door zeekraal, klein schorrenkruid en/of onbegroeid slik";282;283;;;;"in digitale sleutel: onbegroeid : < 10%";;282,00;283,00;;;;"281";"Is het een open pioniersvegetatie gedomineerd door zeekraal, klein schorrenkruid en/of onbegroeid slik";;
158;"G";282;;"Is het aandeel van klein schorrenkruid en zeekraalsoorten in de vegetatie ≥ 90%";0;0;;"1310_pol - da";"1310_pol - da_min";;;0,00;0,00;;"1310_pol - da";"1310_pol - da_min";"282";"Is het aandeel van klein schorrenkruid en zeekraalsoorten in de vegetatie ≥ 90%";;
159;"G";283;;"Zijn er minstens 3 zilte soorten aanwezig EN zijn deze samen minstens abundant";0;0;;"1330_hpr - da";"1330_hpr - da_min";"in digitale sleutel: abundant : >=10%";;0,00;0,00;;"1330_hpr - da";"1330_hpr - da_min";"283";"Zijn er minstens 3 zilte soorten aanwezig EN zijn deze samen minstens abundant";;
160;"G";290;;"Zijn er minstens 3 kensoorten samen abundant EN minimaal 2 begeleidende soorten aanwezig";291;292;;;;"in digitale sleutel: abundant : >=25%";;291,00;292,00;;;;"290";"Zijn er minstens 3 kensoorten samen abundant EN minimaal 2 begeleidende soorten aanwezig";;
161;"G";291;;"Is er minstens 1 6430_bz-soort occasioneel aanwezig";0;31;;"6430_bz - hr";;;;0,00;31,00;;"6430_bz - hr";;"291";"Is er minstens 1 6430_bz-soort occasioneel aanwezig";;
162;"G";30;2;"Is het een zoomvormende vegetatie langs een droog, zuur bos waarbij min. 2 kensoorten van de klasse van gladde witbol en havikskruiden voorkomen > 10% en tezamen met begeleidende soorten in de vegetatie >=30%. L-getal <=6.9";300;0;"ja";;;"nieuw in digitale sleutel";;300,00;0,00;"ja";;;"0302";"Is het een zoomvormende vegetatie langs een droog, zuur bos waarbij min. 2 kensoorten van de klasse van gladde witbol en havikskruiden voorkomen > 10% en tezamen met begeleidende soorten in de vegetatie >=30%. L-getal <=6.9";;
163;"G";30;99;"Anders";31;0;"ja";;;;;31,00;0,00;"ja";;;"03099";"Anders";;
164;"G";300;;"Is het een grasland op een arme, meestal zure bodem met minstens 3 soorten uit de heischrale groep elk occasioneel EN zijn heidesoorten aanwezig";210;0;;;"_B";"nieuw in digitale sleutel";;;;;;;"300";"Is het een grasland op een arme, meestal zure bodem met minstens 3 soorten uit de heischrale groep elk occasioneel EN zijn heidesoorten aanwezig";;
165;"G";228;;"Bedekt de hc_kern-groep +ms-groep (uitgebreid met riet, moerasstruisgras, moeraswalstro, egelboterbloem, ms-mossen), rbbhf en rbbhfl >=10 %";229;55;;;;;;;;;;;"228";"Bedekt de hc_kern-groep +ms-groep (uitgebreid met riet, moerasstruisgras, moeraswalstro, egelboterbloem, ms-mossen), rbbhf en rbbhfl >=10 %";;
166;"G";227;;"Bedekt de hm+hme+hmm+hmo-groep >= 5% en bedekt deze groep meer dan hc-groep (diff-soorten) en meer dan ms-groep (diff-soorten)";215;228;;;;;;;;;;;"227";"Bedekt de hm+hme+hmm+hmo-groep >= 5% en bedekt deze groep meer dan hc-groep (diff-soorten) en meer dan ms-groep (diff-soorten)";;
168;;22800;;"Zijn uit de rbbms-groep OFWEL 3 soorten elk occasioneel OFWEL 2 elk frequent aanwezig";0;0;;"rbbms - ms";"rbbhc - hc";;;;;;;;"22800";"Zijn uit de rbbms-groep OFWEL 3 soorten elk occasioneel OFWEL 2 elk frequent aanwezig";;
170;;24700;;"Is het een droge vegetatie (vochtgetal <= 5)";248;49;;;;;;;;;;;"24700";"Is het een droge vegetatie (vochtgetal <= 5)";;
171;"G";45;99;"Anders";46;0;"ja";;;;;;;;;;"04599";"Anders";;
172;;23500;;"Zijn er van de soorten uit de hm(e/m)-groep of hmo-groep OFWEL minstens 3 soorten elk occasioneel OFWEL 2 soorten elk frequent aanwezig (beide uitgezonderd tormentil en tandjesgras) EN is het een vochtig grasland (F-getal >=7)";219;47;;;;"in digitale sleutel verstrengd naar vochtigheid (F:>=7) en wordt voor pijpenstro, tormentil en tandjesgras onderscheid gemaakt tussen zandige en niet-zandige bodems";;220,00;50,00;;;;"23500";"Zijn er van de soorten uit de hm(e/m)-groep of hmo-groep OFWEL minstens 3 soorten elk occasioneel OFWEL 2 soorten elk frequent aanwezig (beide uitgezonderd tormentil en tandjesgras) EN is het een vochtig grasland (F-getal >=7)";;
173;"G";246;;"Is het aandeel in de vegetatie van soorten van hc_hm-groep of moerasgroep  > 10% en > bedekking van heide";219;0;;;"_H";"in digitale sleutel hc_hm, uitgebreid met biezenknoppen, waternavel, moerasstruisgras en wederik";;0,00;247,00;;"_H";;"246";"Is het aandeel in de vegetatie van soorten van hc_hm-groep of moerasgroep  > 10% en > bedekking van heide";;
175;;246;99;"Anders";247;0;;;;;;0,00;247,00;;"_H";;"24699";"Anders";;
177;"G";120;;"Is er een soort uit de mk-groep of hme-groep occasioneel aanwezig OFWEL (minstens 3 hm(e/m)-soorten occasioneel OF 2 hm(m/e)-soorten elk frequent aanwezig (beide zonder sterzegge en moerasviooltje) EN deze groep bedekt meer dan rbbhc en meer dan rbbms)";220;122;;;;;;;;;;;"120";"Is er een soort uit de mk-groep of hme-groep occasioneel aanwezig OFWEL (minstens 3 hm(e/m)-soorten occasioneel OF 2 hm(m/e)-soorten elk frequent aanwezig (beide zonder sterzegge en moerasviooltje) EN deze groep bedekt meer dan rbbhc en meer dan rbbms)";;
178;"G";82;;"De bedekking van soorten uit de ha-groep + heide (incl. pijpenstrootje)  ≥ 30% EN deze bedekken meer dan de soorten uit de hu-basisgroep en de groep van voedselrijke graslanden EN freatofyten zijn hooguit slechts in beperkte mate aanwezig (< 15%)";239;83;;;;;;53,00;0,00;"ja";;;"082";"De bedekking van soorten uit de ha-groep + heide (incl. pijpenstrootje)  ≥ 30% EN deze bedekken meer dan de soorten uit de hu-basisgroep en de groep van voedselrijke graslanden EN freatofyten zijn hooguit slechts in beperkte mate aanwezig (< 15%)";;
179;"G";48;;"Bedekken de hu-basisgroep en hu-kerngroep (uitgebreid met basenminnaars) samen > 50% EN komt er van deze hu-kerngroep minimaal 1 soort frequent en 2 soorten van hc-kern/hm/hua/(vos)  EN (vossenstaart <5% en trosdravik <2%)";0;49;;"6510 - hu";;;;200,00;51,00;;;;"048";"Bedekken de hu-basisgroep en hu-kerngroep (uitgebreid met basenminnaars) samen > 50% EN komt er van deze hu-kerngroep minimaal 1 soort frequent en 2 soorten van hc-kern/hm/hua/(vos) occasioneel EN (vossenstaart <5% en trosdravik <2%)";;
180;"G";60;;"De uitgebreide rbbzil-groep + moerasgroep bedekt >=30% EN telt de uitgebreide rbbzil-groep minstens 3 soorten EN  bedekt meer dan rbbVos";0;62;;"rbbzil - hp_ster";;"in digitale sleutel: ook het voorkomen van obligate freatofyten met een bedekking van min. 10% opgelegd; frequent: bedekking van min. 5%";;65,00;0,00;"ja";;;"060";"De uitgebreide rbbzil-groep + moerasgroep bedekt >=30% EN telt de uitgebreide rbbzil-groep minstens 3 soorten EN  bedekt meer dan rbbVos";;
181;;940;8;"tweerijige zegge is dominant";0;0;"ja";"rbbhc - hc_min";;"in digitale sleutel uitgebreid tot het grootste aandeel in de bedekking";;0,00;0,00;"ja";"gh - ku_min";;"9408";"tweerijige zegge is dominant";;
182;"G";35;;"Is de kroonprojectie >=30% en het lichtgetal <7 of kroonprojectie >=20% en lichtgetal < 6.8";0;40;;"_B";;;;;;;;;"035";"Is de kroonprojectie >=30% en het lichtgetal <7 of kroonprojectie >=20% en lichtgetal < 6.8";;
184;"G";27;;"Is het een pioniervegetatie : domineren éénjarigen (uitgezonderd ratelaar) de vegetatie";0;28;;"_E";;;;;;;;;"027";"Is het een pioniervegetatie : domineren éénjarigen (uitgezonderd ratelaar) de vegetatie";;
185;"G";130;;"bedekking van (vochtige) ruigtekruiden >= moerasgroep";131;0;;;"_M";"verruigde moerasvegetatie";;;;;;;"130";"bedekking van (vochtige) ruigtekruiden >= moerasgroep";;
186;;247;;"Deze regel kan weg (pijpenstrootje >=30 % is atypisch voor ha)";0;240;;"_H";;;;;;;;;"247";"Zijn er heidesoorten en (facultief/obligaat) freatofyten aanwezig";;
187;"G";239;;"Is er minstens 1 soort uit de ha(plus)- of hn-groep frequent aanwezig (excl duizendblad en kleine klaver, smalle weegbree en gewoon struisgras)";240;85;;;;;;;;;;;"239";"Is er minstens 1 soort uit de ha(plus)- of hn-groep frequent aanwezig (excl duizendblad en kleine klaver, smalle weegbree en gewoon struisgras)";;
188;"G";57;;"bedekking van moerasgroep (incl. riet, scherpe en moeraszegge) >= overige vegetatie";0;58;;"_M";;;;0,00;0,00;"ja";"_M";;"057";"bedekking van moerasgroep (incl. riet, scherpe en moeraszegge) >= overige vegetatie";;
189;"G";83;;"Bedekt de groep van voedselrijke graslanden > =40% of bedekken de hu-basisgroep en -kerngroep samen > =50%";85;93;;;;;;;;;;;"083";"Bedekt de groep van voedselrijke graslanden > =40% of bedekken de hu-basisgroep en -kerngroep samen > =50%";;
190;"G";292;;"Is het N-getal >=6";0;31;;"gh - hr";;;;;;;;;"292";"Is het N-getal >=6";;
191;"G";105;;"Zijn meerjarige kruiden (uitgez. ridderzuring, paardenbloem en witte klaver, akker-, speerdistel en grote brandnetel) of meerjarige schijngrassen (uitgez. Pitrus) frequent aanwezig";0;106;;"_IetsRaars";;"in digitale sleutel: meerjarige kruiden >= 5%";;41,00;100,00;;;;"105";"Zijn meerjarige kruiden (uitgez. ridderzuring, paardenbloem en witte klaver, akker-, speerdistel en grote brandnetel) of meerjarige schijngrassen (uitgez. Pitrus) frequent aanwezig";;
192;;84;;"Is de bedekking van soorten van natte strooiselruigten, pitrus, grote brandnetel, kleefkruid, ridderzuring, akkerdistel, speerdistel, bramen, klit, jacobskruiskruid en/of kropaar≥ 30%";129;93;;;;;;83,00;84,00;;"gh - hp_ster";"gh - hp";"084";"Is de bedekking van soorten van natte strooiselruigten, pitrus, grote brandnetel, kleefkruid, ridderzuring, akkerdistel, speerdistel, bramen, klit, jacobskruiskruid en/of kropaar≥ 30%";;
193;"G";95;;"Bedekken ruderalen tezamen met eenjarigen, zilverschoon-groep en boomsoorten >=30%, zilverschoon-groep < 5%";150;96;;;;;;;;;;;"095";"Bedekken ruderalen tezamen met eenjarigen, zilverschoon-groep en boomsoorten >=30%, zilverschoon-groep < 5%";;
194;"G";96;;"Bedekken zilverschoon-groep (uitgebreid) tezamen met zilte soorten en moerassoorten >= 30% en zijn er minstens 4 soorten uit deze groep aanwezig";97;98;;;;;;;;;;;"096";"Bedekken zilverschoon-groep (uitgebreid) tezamen met zilte soorten en moerassoorten >= 30% en zijn er minstens 4 soorten uit deze groep aanwezig";;
195;"G";97;;"minstens 4 soorten uit rbbzil-groep minstens frequent of minstens 6 soorten uit rbbzil-groep occasioneel";0;0;;"rbbzil_ster - hp_ster";"rbbzil - hp_ster";"in digitale sleutel verminderd tot resp. 3 en 5 soorten";;0,00;76,00;;"rbbzil_ster - hp_ster";;"097";"minstens 4 soorten uit rbbzil-groep minstens frequent of minstens 6 soorten uit rbbzil-groep occasioneel";;
196;"G";98;;"Bedekken vochtige ruigtekruiden, aangevuld met rietgras, tezamen met moerassoorten >= 30%";137;105;;;;;;;;;;;"098";"Bedekken vochtige ruigtekruiden, aangevuld met rietgras, tezamen met moerassoorten >= 30%";;
197;"G";33;2;"Het is een ruderale plaats, ruderalen tezamen met eenjarigen, zilverschoon-groep en boomsoorten >= 30, waarvan minstens 5% ruderaal en ruderaal+zilverschoon-groep>vochtige ruigte";150;0;"ja";;;;;150,00;0,00;"ja";;;"0332";"Het is een ruderale plaats, ruderalen tezamen met eenjarigen, zilverschoon-groep en boomsoorten >= 30, waarvan minstens 5% ruderaal en ruderaal+zilverschoon-groep>vochtige ruigte";;
198;;3200;4;"Het is een ruderale plaats, ruderalen tezamen met zilverschoon-groep en vochtige ruigtekruiden >= 30, waarvan minstens 5% ruderaal en ruderaal+zilverschoon-groep>vochtige ruigte";150;0;"ja";;;;;150,00;0,00;"ja";;;"32004";"Het is een ruderale plaats, ruderalen tezamen met zilverschoon-groep en vochtige ruigtekruiden >= 30, waarvan minstens 5% ruderaal en ruderaal+zilverschoon-groep>vochtige ruigte";;
199;"G";54;;"Is het een matig vochtig grasland (obl+fac freatofyt > 15%), bedekt de hm+hme+hmm+hmo-groep + vochtige heide >= 10% en bedekt deze groep meer dan hc_kern-groep +  rbbzil en meer dan rbbms-groep";215;55;;;;;;;;;;;"054";"Is het een matig vochtig grasland (obl+fac freatofyt > 15%), bedekt de hm+hme+hmm+hmo-groep + vochtige heide >= 10% en bedekt deze groep meer dan hc_kern-groep +  rbbzil en meer dan rbbms-groep";;
200;"G";212;;"Bedekt de ha_diff-groep > hn-groep";0;213;;"6230_ha - ha_ster";;;;;;;;;"212";"Bedekt de ha_diff-groep > hn-groep";;
201;"G";215;;"bedekt hc (uitgezonderd veldrus, moerasrolklaver en kruipend zenegroen) + hm+ basen >=10% en is deze groep > ms-groep (uitgezonderd zwarte zegge)";0;216;;"6410_mo - hm_min";;;;;;;;;"215";"bedekt hc (uitgezonderd veldrus, moerasrolklaver en kruipend zenegroen) + hm+ basen >=10% en is deze groep > ms-groep (uitgezonderd zwarte zegge)";;
202;"G";216;;"bedekt hn+ heide + zure zoom >= 5% en is deze groep > ms-groep (uitgezonderd zwarte zegge)";0;0;;"6230_hmo - hmo_min";"6230/6410 - hm_min";;;;;;;;"216";"bedekt hn+ heide + zure zoom >= 5% en is deze groep > ms-groep (uitgezonderd zwarte zegge)";;
203;"G";61;;"zijn veenmossen abundant (>=10%) aanwezig";0;0;;"7140";"rbbms - ms";;;;;;;;"061";"zijn veenmossen abundant (>=10%) aanwezig";;
204;"H";1;;"Bedekking bomen en struiken (kroonprojectie; exclusief dwergstruiken, Jeneverbes) <= 10%";20;2;;;;;;;;;;;"001";;;
205;"H";2;;"Bedekking bomen en struiken (kroonprojectie; exclusief dwergstruiken, Jeneverbes) > 10% en <50%";20;10;;;;;;;;;;;"002";;;
206;;0;99;"Anders : Bedekking bomen en struiken (kroonprojectie; exclusief dwergstruiken, Jeneverbes) >= 50%";10;0;"ja";;;;;;;;;;"00099";;;
207;"H";10;;"Bedekking (kroonprojectie) van wilde gagel >= 50% of >= 35% in struiklaag";400;15;;;;;;;;;;;"010";;"sleutel gewijzigd";"sleutel gewijzigd"
208;"H";15;;"Recent verboste heide: soorten van open heide >=10% en bedekken meer dan pijpenstrootje, bochtige smele, struisgras en bosplanten";550;0;;;"_B";;;;;;;;"015";;;
209;"H";20;;"Jeneverbes aanwezig";500;30;;;;;;;;;;;"020";;;
211;"H";40;1;"Vegetatie gedomineerd door pijpenstrootje, bochtige smele, fijn schapengras of struisgras: bedekking >50%";50;0;"ja";;;;;;;;;;"0401";;;
212;"H";40;2;"Vegetatie gedomineerd door adelaarsvaren: bedekking >50%";180;0;"ja";;;;;;;;;;"0402";;;
213;"H";40;3;"Pioniersvegetaties met witte of bruine snavelbies, moeraswolfsklauw, ronde of kleine zonnedauw";0;0;"ja";"7150 - ce";;;;;;;;;"0403";;;
214;"H";320;;"Nagenoeg vegetatieloos (<5% bedekking)";0;325;;"_V";;;;;;;;;"320";;;
215;;325;1;"Pioniersvegetatie : bedekking van snavelbies, moeraswolfsklauw of kleine zonnedauw >= natte heide of 7150 >= 40% van de kruidlaag";0;0;"ja";"7150 - ce";;;;;;;;;"3251";;;
216;"H";325;;"Vegetatie gedomineerd door grassen (>50% van de vegetatie)";40;326;"ja";;;;;;;;;;"325";;"uitkomst gewijzigd";"uitkomst gewijzigd"
217;;325;99;"Anders";326;0;"ja";;;;;;;;;;"32599";;;
218;"H";326;1;"Natte heidesoorten abundant (>5%) en aandeel natte heidesoorten > aandeel droge heidesoorten";0;0;"ja";"4010 - ce_min";;;;;;;;;"3261";;;
219;"H";326;2;"Droge heidesoorten abundant (>5%) en aandeel droge heidesoorten > aandeel natte heidesoorten";330;0;"ja";;;;;;;;;;"3262";;;
220;"H";326;3;"Heidesoorten (nat of droog) abundant (>5%) en aandeel droge heidesoorten vergelijkbaar met aandeel natte heidesoorten";0;0;"ja";"4010/4030 - c";;;;;;;;;"3263";;;
221;"H";326;99;"Anders";340;0;"ja";;;;;;;;;;"32699";;;
222;"H";330;;"Is een profielloos landduin";335;0;;;"4030 - cg_min";;;;;;;;"330";;;
223;"H";335;;"Aandeel struikhei > pioniersoorten";0;0;;"2310 - cg_min";"2330_bu - hac";;;;;;;;"335";;;
224;"H";340;;"Bijna jaarrond onder water: waterveenmos, vensikkelmos, knolrus domineren de vegetatie";0;345;;"_W";;;;;;;;;"340";;;
225;"H";345;;"Bedekking van bomen en struiken > 10%";0;0;;"_B";"_E";;;;;;;;"345";;;
226;"H";40;99;"Anders (= open heide en duin of plagplekken)";45;0;"ja";;;;;;;;;;"04099";;;
227;"H";50;1;"Struisgras en/of fijn schapengras domineert";60;0;"ja";;;;;;;;;;"0501";;;
228;"H";50;2;"Bochtige smele domineert";70;0;"ja";;;;;;;;;;"0502";;;
229;"H";50;99;"Anders (= pijpenstrootje domineert)";90;0;"ja";;;;;;;;;;"05099";;;
230;"H";60;;"Soorten van buntgrasverbond (buntgras, ruig haarmos, vroege haver, zandzegge, korstmossen zoals Cladonia en Cetraria) abundant, meer dan struikhei, meer dan andere pioniersoorten en totale bedekking <=90";0;62;;"2330_bu - hac_min";;;;;;;;;"060";;;
231;"H";62;;"Eenjarigen abundant en typische soorten (vroege haver, zilverhaver, klein vogelpootje, klein tasjeskruid, dwergviltkruid, eekhoorngras en zandblauwtje) tezamen minstens frequent";0;64;;"2330_dw - hat_min";;;;;;;;;"062";;;
232;"H";64;;"Bedekking dwergstruiken >= 20%";66;0;;;"_G";;;;;;;;"064";;;
233;"H";66;;"Landduin of met frequent typische soorten van de buntgras- en/of zilverhavergroep (incl. korstmossen)";0;68;;"2310 - ha+cg";;;;;;;;;"066";;"uitkomst gewijzigd";"uitkomst gewijzigd"
234;"H";70;;"Bedekking dwergstruiken >= 20%";72;76;;;;;;;;;;;"070";;;
235;"H";72;;"Landduin of met frequent typische soorten van de buntgras- en/of zilverhavergroep (incl. korstmossen)";0;74;;"2310 - cd+cg";;;;;;;;;"072";;;
236;"H";74;;"Blauwe of rode bosbes domineren in de dwergstruikenlaag";0;0;;"4030 - cd+cv";"4030 - cd+cg";;;;;;;;"074";;;
237;"H";76;;"Minstens 3 soorten van heischrale groep (hn-groep) aanwezig";0;78;;"_G";;;;;;;;;"076";;;
238;"H";78;;"Soorten van buntgrasverbond (buntgras, ruig haarmos, vroege haver, zandzegge, korstmossen zoals Cladonia en Cetraria) abundant, meer dan struikhei, meer dan andere pioniersoorten en totale bedekking <=90";0;80;;"2330_bu - hac_min";;;;;;;;;"078";;;
239;"H";80;;"Eenjarigen abundant en typische soorten (vroege haver, zilverhaver, klein vogelpootje, klein tasjeskruid, dwergviltkruid, eekhoorngras en zandblauwtje) tezamen minstens frequent";0;82;;"2330_dw - hat_min";;;;;;;;;"080";;;
240;"H";82;;"Landduin of met frequent typische soorten van de buntgras- en/of zilverhavergroep (incl. korstmossen)";0;84;;"2310 - cd";;;;;;;;;"082";;"uitkomst gewijzigd";"uitkomst gewijzigd"
241;"H";90;;"Bedekking dwergstruiken >= 20%";92;100;;;;;;;;;;;"090";;;
242;"H";92;;"Landduin of met frequent typische soorten van de buntgras- en/of zilverhavergroep (incl. korstmossen)";0;93;;"2310 - cm+cg";;;;;;;;;"092";;;
243;"H";95;;"(Natte heide diff droge heide-groep>=5% van de niet door Molinia bedekte oppervlakte of droge heide diff ce > natte heide diff cg of natte heide-soorten (excl. Molinia en dophei) >=20% ) en (cg diff = 0 of # ce diff >= cg diff of (ce diff >0 en #cgdiff<3)";98;96;;;;;;;;;;;"095";;;
244;"H";98;;"Natte heide diff droge heide-groep >= 5% van de kruidlaag (excl. Molinia) EN (aantal soorten natte heide diff droge-heide groep > droge heide diff natte-heide groep of (aantal soorten van beide diff-groepen gelijk en bedekking ce-diff > cg-diff))";0;99;;"4010 - cm+ce";;;;;;;;;"098";;;
245;"H";93;;"Rode bosbes frequent of blauwe bosbes domineert de dwergstruikenlaag";94;95;;;;;;;;;;;"093";;;
246;"H";94;;"Rode bosbes komt tezamen voor met grote wolfsklauw, klein wintergroen, gewone dophei, dubbelloof, stippelvaren of veenmossen";0;0;;"4010 - cm+cv";"4030 - cm+cv";;;;;;;;"094";;;
248;"H";100;;"Is pijpenstro niet pollenvormend EN is er weinig strooisel met heischrale soorten >=5% EN is het aandeel van heischr diff heisoorten > het aandeel hei diff heischraalsoorten en hm en ms";0;102;;"_G";;;;;;;;;"100";;;
249;"H";102;;"Landduin of met frequent typische soorten van de buntgras- en/of zilverhavergroep (incl. korstmossen)";120;104;;;;;;;;;;;"102";;;
250;"H";104;;"Pioniersvegetatie : bedekking van snavelbies, moeraswolfsklauw of kleine zonnedauw > 10% van de vegetatie en >natte heide diff 7150";0;106;;"7150 - ce";;;;;;;;;"104";;;
251;"H";110;;"(Natte heide diff droge heide-groep>=5% van de niet door Molinia bedekte oppervlakte of droge heide diff ce > natte heide diff cg of natte heide-soorten (excl. Molinia en dophei) >=20% ) en (cg diff = 0 of # ce diff >= cg diff of (ce diff >0 en #cgdiff<3)";112;114;;;;;;;;;;;"110";;"sleutel gewijzigd";
252;"H";106;;"Verland ven/venoever: pijpenstro vormt (hoge) verspreid staande bulten met ertussen permanent natte slenken; de gezamenlijke bedekking van deze slenken met open water, waterveenmos, veelstengelige waterbies, knolrus >=50%";108;107;;;;;;;;;;;"106";;"uitkomst gewijzigd";"uitkomst gewijzigd"
253;"H";108;;"De gezamenlijke bedekking van slenken met open water, waterveenmos, veelstengelige waterbies, knolrus >=70%";0;0;;"_W";"_W2";;;;;;;;"108";;;
254;;112;;"Bultvormende veenmossen (S. papillosum, S. magellanicum, S. rubellum) >=5% en/of aanwezigheid van kleine veenbes, lavendelhei of eenarig wollegras tezamen >= 5%";0;114;;"7140_oli - cm+ces";;;;;;;;;"112";;;
255;"H";114;;"Natte heide diff droge heide-groep aanwezig";0;115;;"4010/4030 - cm";;;;;;;;;"114";;"sleutel gewijzigd";
256;"H";120;;"Op profielloos landduinen, met aandeel van soorten van de buntgras- en zilverhavergroep (incl. korstmossen) aangevuld met zandstruisgras en grijs kronkelsteeltje > aandeel struikhei";0;0;;"2330_bu - cm";"2310 - cm";;;;;;;;"120";;;
257;"H";180;;"Heide-soorten (heide-groep) >= 5%";0;0;;"4030 - cp";"_R";;;;;;;;"180";;;
258;"H";200;;"Heide-soorten die differentiëren tov pioniervegetaties en landduinen (dwergstruiken, pijpenstrootje, veenmossen, veenpluis, ..) domineren";240;210;;;;;;;;;;;"200";;"uitkomst gewijzigd";"uitkomst gewijzigd"
259;"H";210;;"Onbegroeid tot grotendeels gefixeerd landduin of pioniersvegetaties op weinig humeuze zand of lichte leemgronden gedomineerd door open zand, grijs kronkelsteeltje, haarmossen, korstmossen, eenjarigen, zandstruisgras, buntgras en/of zandzegge";212;0;;;"_IetsRaars";;;;;;;;"210";;;
260;"H";212;;"Open, onbegroeid of (deels) gefixeerde landduin gekenmerkt door soorten die buntgrasvegetaties differentiëren t.a.v. graslanden met veel pioniersoorten";214;220;;;;;;;;;;;"212";;;
261;"H";214;;"Open zandplekken >= 50%";216;218;;;;;;;;;;;"214";;;
262;"H";218;;"Aandeel struikhei < 50%";0;0;;"2330_bu - hac";"2310 - cg";;;;;;;;"218";;;
263;"H";216;;"Open, zand >= 90%";0;0;;"2330_bu - dm_min";"2330_bu - dm+hac";;;;;;;;"216";;;
264;"H";220;;"Open grazige vegetatie op kalkarme, droge zandgrond met een hoog aandeel eenjarigen, waarin typische dwerghaver-soorten abundant zijn, naast overblijvende soorten van struisgraslanden: open + 2330  diff gras > gras diff 2330 en open + 2330  diff gras>30";0;0;;"2330_dw - hat";"_G";;;;;;;;"220";;;
265;"H";230;;"Veenmosrijke heide (veenmos +water >=50) met Sphagnum rubellum en slijkzegge";0;232;;"7110 - t";;;;;;;;;"230";;;
266;"H";232;;"Veenmosrijke heide (veenmos +water >=50) met bultvormende veenmossen minstens abundant (dikwijls is ook beenbreek abundant aanwezig)";236;240;;;;;;;;;;;"232";;"uitkomst gewijzigd";"uitkomst gewijzigd"
267;;234;;"Aandeel diff graslandsoorten > diff heidesoorten";0;240;;"_G";;;;;;;;;"234";;;
268;"H";236;;"Veenmosrijke heide met aanwezigheid van hoogveenveenmossen (S.magellanicum of S. rubellum)";0;238;;"7140_oli - ces";;;;;;;;;"236";;;
269;"H";238;;"Veenmosrijke heide met abundant voorkomen van veenmosbulten van S. papillosum (>=20%) tezamen met ofwel een totale veenmoslaag van min. 75% ofwel dominantie van beenbreek";0;240;;"7140_oli - ces_min";;;;;;;;;"238";;"uitkomst gewijzigd";"uitkomst gewijzigd"
270;"H";253;;"Struikhei - groep dominant";259;254;;;;;;;;;;;"253";;"sleutel + uitkomst gewijzigd; verplaatst";"verplaatst"
271;"H";254;;"Bosbessen (co)dominant in de dwergstruiklaag";256;259;;;;;;;;;;;"254";;"uitkomst gewijzigd; verplaatst";"uitkomst gewijzigd"
272;"H";240;;"(Natte heide diff droge heide-groep>=5% van de niet door Molinia bedekte oppervlakte of droge heide diff ce > natte heide diff cg of natte heide-soorten (excl. Molinia en dophei) >=20% ) en (cg diff = 0 of # ce diff >= cg diff of (ce diff >0 en #cgdiff<3)";241;253;;;;;;;;;;;"240";"Vochtige/natte bodem met dwergstruikenvegetatie van dophei, vaak met goed ontwikkelde moslaag met veenmossen, ook pijpenstrootje, zonnedauw, veenpluis, witte snavelbies, veenbies, beenbreek, klokjesgentiaan en/of tweenervige zegge";"sleutel + uitkomst gewijzigd; verplaatst";"uitkomst gewijzigd; verplaatst"
273;;240;;"Slijkzegge, kleine veenbes, lavendelheide of eenarig wollegras aanwezig (bedekking >1%), voorkomen van veenmossen is echter onbekend";0;250;;"7140_oli/4010 - ce(s)";;;;;;;;;"240";;;
274;"H";256;;"Abundant rode bosbes, in combinatie met dophei, veenmossen, dubbelloof, stippelvaren, grote wolfsklauw, klein wintergroen >5%";0;258;;"4010 - cv";;;;;;;;;"256";;"uitkomst gewijzigd; verplaatst";
275;"H";258;;"Op landduinen";0;0;;"2310 - cv";"4030 - cv";;;;;;;;"258";;"verplaatst";
276;"H";260;;"Landduin of met frequent typische soorten van de buntgras- en/of zilverhavergroep";0;262;;"2310 - cg";;;;;;;;;"260";;"uitkomst gewijzigd";"uitkomst gewijzigd"
277;"H";400;;"Boomlaag >= 50%";0;402;;"_B";;;;;;;;;"400";;;
278;"H";402;;"Gagel in de struiklaag of gemiddelde hoogte kruidlaag > 1m";0;404;;"rbbsm - sm";;;;;;;;;"402";;;
279;"H";406;;"Natte hei-groep (uitgez. gagel) >=10%";0;0;;"4010 - ce+myr";"4010 - cm+myr";;;;;;;;"406";;;
280;"H";404;;"bultvormende veenmossen >=5% en/of kleine veenbes, lavendelhei of eenarig wollegras >= 5%";0;406;;"7140_oli - ces+myr";;;;;;;;;"404";;;
281;"H";500;;"Bedekking boom- en struiklaag (excl. jeneverbes) <50%";502;0;;;"_B";;;;;;;;"500";;;
282;"H";502;;"Jeneverbes zeldzaam";30;0;;;"5130_hei";;;;;;;;"502";;;
283;"H";550;;"Jeneverbes aanwezig";500;552;;;;;;;;;;;"550";;;
284;"H";552;;"Landduin of met frequent typische soorten van de buntgras- en/of zilverhavergroep";0;554;;"gh - sz/cg";;;;;;;;;"552";;;
285;"H";554;;"Ondergroei gedomineerd door dwergstruiken (uitgez. dophei)";0;556;;"gh - sz/cg";;;;;;;;;"554";;;
286;"H";556;;"Ondergroei gedomineerd door natte hei-groep";558;0;;;"_IetsRaars";;;;;;;;"556";;;
287;"H";558;;"Gagel (co)dominant in de struiklaag";400;0;;;"gh - sz/ce";;;;;;;;"558";;;
288;"O";1;;"Is het bebouwd: alle gebieden met vooral een artificiële bodembedekking door menselijke activiteiten: steden, dorpen, villawijken, industrieterreinen, recreatiegebieden, campings, (spoor)wegen, vliegvelden, serres, parkings, groeves en stortplaatsen";0;20;;"_U";;;;;;;;;"001";;;
289;"O";20;;"Is het een akker of tuinbouwperceel: akkerland (inclusief groenbemester, bloembollen, aardbeienteelt in open grond, …), laagstamboomgaard, bosbeskwekerij, wijngaard, boom‐ en plantenkwekerij in open grond";0;30;;"_A";;;;;;;;;"020";;;
290;"O";30;;"Is het een marien biotoop: open, zoute en brakke wateren, onbegroeide sedimenten en vegetaties onder directe invloedsfeer van de Noordzee (laagstrand, slikken en schorren) of buitendijks gelegen biotopen in het brakke deel van het Schelde‐estuarium";0;40;;"_Z";;;;;;;;;"030";;;
291;"O";40;;"Is het een strand of kustduin: hoogstrand (strand boven de gemiddelde hoogwaterlijn) of open kustduinvegetaties (van open stuifduin tot gefixeerde kustduinen en duinpannen begroeid met lage vegetatie (< 50% bomen en struiken))";0;50;;"_D";;;;;;;;;"040";;;
292;"O";50;;"Is het een open water: open wateren (kanalen, rivieren, meren, vijvers en poelen) inclusief hun oeverzone, met een vegetatiebedekking van < 30% (uitgezonderd waterplanten en aquatische mossen)";0;60;;"_W";;;;;;;;;"050";;;
293;"O";60;;"Vegetatie (tot zeer recent) gedomineerd door bomen, bramenkoepels en/of (dwerg)struiken : kroonprojectie ≥ 50%. Inclusief jonge (her)aanplant, hakhout, recente kapvlakten, plagplekken,… Bedekking heide s.l. > 30% en heide diff moeras > moeras en ven<50%";62;70;;;;;;;;;;;"060";;"sleutel gewijzigd";
294;"O";62;;"Vegetatie gedomineerd door heide, bosbes en/of stekel-/kruipbrem, gagel, jeneverbes of een plagplek en wordt niet gedomineerd door bomen of struiken of door brem";63;64;;;;;;;;;;;"062";;;
295;"O";64;;"Vegetatie gedomineerd door gewone brem of gaspeldoorn";0;66;;"rbbsg - sg";;;;;;;;;"064";;;
296;"O";66;;"Vegetatie gedomineerd door bomen en struiken (uitgez. Buddleja) of is een kapvlakte";0;100;;"_B";;;;;;;;;"066";;;
297;"O";70;;"Vegetatie gedomineerd door pijpenstro en/of bochtige smele";0;80;;"_G";;;;;;;;;"070";;;
298;"O";80;;"Is het landduin of zeer droge zandgronden met open stuifzand en/of (deels) begroeid met korstmossen, haarmossen, grijs kronkelsteeltje, buntgras, zandstruisgras, zandzegge, heidespurrie, vroege haver, zilverhaver, struikhei";0;90;;"_H";;;;;;;;;"080";;;
299;;90;;"Is het een moeras: vegetatie met >30% moerasplanten (helofyten en hydrofyten); watertafel een groot deel van het jaar nabij of boven het maaiveld";0;100;;"_M";;;;;;;;;"090";;;
300;"O";110;;"Is het een grasland: een open biotoop gedomineerd door lage en hoge grassen en door lage, meerjarige kruiden";0;0;;"_G";"_R";;;;;;;;"100";;;
301;"O";90;1;"bedekking van grote zeggen, liesgras, riet, gele lis, holpijp, lisdodde, mattenbies, ruwe bies en/of egelskop >= 70% of moerasmossen >= 70% of combinatie moerasmos/hogereplant >= 70%, waarbij minstens één van beide groepen minstens 60% bedekt";0;0;"ja";"_M";;;;;;;;;"0901";;;
302;"O";90;2;"bedekking van moerasgroep > overige vegetatie (beide uitgezonderd riet, scherpe en moeraszegge)";0;0;"ja";"_M";;;;;;;;;"0902";;;
303;"O";90;99;"Anders";100;0;"ja";;;;;;;;;;"09099";;;
304;"O";63;;"Is het een heischraal grasland: min 2 typische heischrale soorten zijn bedekkend (min 5%) of min.3 occ. met min. 1 soort van heide en  groep soorten die heischraal differentiëren tov heide >=  de groep diff heidesoorten  tov heischraal";0;0;;"_G";"_H";;;;;;;;"063";;;
305;"G";244;;"Is pijpenstro pollenvormend, vaak met strooisel of hei diff grasland -groep > grasland diff hei - groep";0;245;;"_H";;;;;;;;;"244";;;
306;"H";30;;"Is het een plagplek of een vegetatie met een hele lage bedekking (<10%)";320;31;;;;;;;;;;;"030";;;
307;"H";31;;"Slijkzegge, kleine veenbes, lavendelheide, eenarig wollegras of hoogveenmossen aanwezig (bedekking >1%)";32;38;;;;;;;;;;;"031";;;
308;"H";37;;"Domineert pijpenstro";0;0;;"4010 - cm+ce";"4010 - ce";;;;;;;;"037";;;
309;"H";34;;"Is de moslaag bestudeerd";35;0;;;"7140_oli/4010 - ce(s)";;;;;;;;"034";;;
310;"H";35;;"Veenmossen >= 50% of meer dan 50% van de aanwezige mossen en moslaag + beenbreek min 50% bedekking van de kruidlaag";0;36;;"7140_oli - ces";;;;;;;;;"035";;"sleutel gewijzigd";
311;"H";36;;"Zijn bultvormende veenmossen (C. magellanicum, C. rubellum en/of C. papillosum) >=5 % aanwezig en min. 30% veenmos";230;37;;;;;;;;;;;"036";;;
312;"H";38;;"Zijn bultvormende veenmossen (C. magellanicum, C. rubellum en/of C. papillosum) >=5 % aanwezig en min. 30% veenmos en soorten van heischrale/blauwgraslanden <= 20%";39;40;;;;;;;;;;;"038";;;
313;"H";259;;"Pijpenstro domineert (>= 40% van de kruidlaag)";90;260;;;;;;;;;;;"259";;;
314;"H";45;;"Bochtige smele overheerst in de vegetatie";70;200;;;;;;;;;;;"045";;;
315;;5;;"Is het heischraal grasland";210;0;;;"_O";"het voorkomen van houtige gewassen in lineair (bijv. houtkanten) of in patroonverband (mozaïeken) worden afzonderlijk uitgesleuteld";"wat met brem?";8,00;10,00;;;;"005";"Is de bedekking van bomen en struiken (kroonprojectie) in het grasland > 10%";;
316;"H";32;;"Bedekken moerassoorten (excl. 7140_oli) >=33%";0;33;;"_M";;;;;;;;;"032";;;
317;"H";33;;"Zijn soorten van heischrale/blauwgraslanden <= 20% aanwezig";34;40;;;;;;;;;;;"033";;"sleutel gewijzigd";
318;"H";39;;"Bedekken moerassoorten (excl. 7140_oli) >=33%";0;230;;"_M";;;;;;;;;"039";;;
319;"H";243;;"Soorten van het dwergbiezenverbond abundant aanwezig";0;245;;"4010 - ce";;;;;;;;;"243";;"nieuwe sleutel";"uitkomst gewijzigd"
320;"H";68;;"Typische heide- en/of heischrale soorten nemen minstens 20% van de vegetatie in of bedekken minstens 5%";0;0;;"4030 - ha+cg";"gh - ha+cg";;;;;;;;"068";;"nieuwe sleutel";"nieuwe sleutel"
321;"H";84;;"Typische heide- en/of heischrale soorten nemen minstens 20% van de vegetatie in of bedekken minstens 5%";0;0;;"4030 - cd";"gh - cd";;;;;;;;"084";;"nieuwe sleutel";"nieuwe sleutel"
322;"H";109;;"Typische heide- en/of heischrale soorten nemen minstens 20% van de vegetatie in of bedekken minstens 5%";110;0;;;"gh - cm";;;;;;;;"109";;"nieuwe sleutel";"nieuwe sleutel"
323;"H";262;;"Natte heide diff droge heide-groep aanwezig";0;263;;"4010/4030 - ce+cg";;;;;;;;;"262";;"nieuwe sleutel";"nieuwe sleutel"
324;"H";245;;"Natte heide diff droge heide-groep >= 5% van de kruidlaag (excl. Molinia) EN (aantal soorten natte heide diff droge-heide groep > droge heide diff natte-heide groep of (aantal soorten van beide diff-groepen gelijk en bedekking ce-diff > cg-diff))";0;246;;"4010 - ce";;;;;;;;;"245";;"nieuwe sleutel";"nieuwe sleutel"
325;;255;;"Ven- en moerassoorten (excl. 7140_oli) >= 20% En > heide_diff_moeras-groep";0;259;;"_M";;;;;;;;;"255";;"nieuwe sleutel";"nieuwe sleutel"
326;"H";241;;"Ven- en moerassoorten (excl. 7140_oli) >= 20% En > heide_diff_moeras-groep";242;243;;;;;;;;;;;"241";;"nieuwe sleutel";"nieuwe sleutel"
327;"H";242;;"Ven-soorten > moeras-soorten";0;0;;"_W";"_M";;;;;;;;"242";;"nieuwe sleutel";"nieuwe sleutel"
328;"H";107;;"Ven- en moerassoorten (excl. 7140_oli) >= 20% En > heide_diff_moeras-groep";0;109;;"_M";;;;;;;;;"107";;"nieuwe sleutel";"nieuwe sleutel"
329;"H";96;;"Natte heide diff droge heide-groep aanwezig";0;97;;"4010/4030 - cm+ce+cg";;;;;;;;;"096";;;
330;"H";97;;"Droge heide diff natte-heide groep aanwezig of struikheide dominant (en meer dan bedekking dopheide)";0;0;;"4030 - cm+cg";"4010/4030 - cm+ce+cg";;;;;;;;"097";;;
331;"H";99;;"Droge heide diff natte-heide groep afwezig en natte heide diff droge heide-groep aanwezig";0;0;;"4010 - cm+ce";"4010/4030 - cm+ce+cg";;;;;;;;"099";;;
332;"H";112;;"Natte heide diff droge heide-groep >= 5% van de kruidlaag (excl. Molinia) EN (aantal soorten natte heide diff droge-heide groep > droge heide diff natte-heide groep of (aantal soorten van beide diff-groepen gelijk en bedekking ce-diff > cg-diff))";0;113;;"4010 - cm";;;;;;;;;"112";;;
333;"H";113;;"Droge heide diff natte-heide groep afwezig en natte heide diff droge heide-groep aanwezig";0;0;;"4010 - cm";"4010/4030 - cm";;;;;;;;"113";;;
334;"H";115;;"Droge heide diff natte-heide groep aanwezig";0;0;;"4030 - cm";"4010/4030 - cm";;;;;;;;"115";;;
335;"H";246;;"Droge heide diff natte-heide groep afwezig en natte heide diff droge heide-groep aanwezig";0;0;;"4010 - ce";"4010/4030 - ce+cg";;;;;;;;"246";;;
336;"H";263;;"Droge heide diff natte-heide groep aanwezig of struikheide dominant (en meer dan bedekking dopheide)";0;0;;"4030 - cg";"4010/4030 - ce+cg";;;;;;;;"263";;;
337;"M";10;1;"(oever)vegetatie in (permanent) contact met een oppervlaktewater (kreek, poel, plas, waterloop) EN bestaat voor meer dan 70% uit waterplanten ( fonteinkruid, gele plomp, kroos, …) en/of aquatische mossen (waterveenmos, ven-/moerassikkelmos,…)";0;0;"ja";"_W";;;;;;;;;;;;
338;"M";10;2;"(oever)vegetatie in (permanent) contact met een oppervlaktewaterlichaam (kreek, poel, plas, waterloop) EN gedomineerd door pitrus EN met moerassleutelsoorten  hoogstens occasioneel aanwezig EN geen drijftil";700;0;"ja";;;;;;;;;;;;;
339;"M";10;3;"oevervegetatie in (permanent) contact met een oppervlaktewaterlichaam (kreek, poel, plas, waterloop) EN gedomineerd door geoord veenmos, fraai veenmos, ondergedoken veenmos of gewoon veenmos";0;0;"ja";"_W";;"3130,3160";;;;;;;;;;
340;"M";10;4;"oevervegetatie in (permanent) contact met een oppervlaktewaterlichaam (kreek, poel, plas, waterloop) met soorten als wijdbloeiende rus, naaldwaterbies, geel cypergras, glaskroos, eivormige waterbies, draadgentiaan, dwergbloem, koprus, priemkruid, dwergrus";0;0;"ja";"_W";;"3130_na";;;;;;;;;;
341;"M";10;5;"oevervegetatie in ecoregio kust en polders in (permanent) contact met een zilt of brak oppervlaktewaterlichaam (kreek, poel, plas, waterloop) met zilte soorten";0;0;"ja";"_W";;"rbbah";;;;;;;;;;
342;"M";10;6;"oevervegetatie in contact met Grensmaas met soorten van de 3270-groep";0;0;"ja";"_W";;"3270";;;;;;;;;;
343;"M";10;99;"anders";20;0;"ja";;;;;;;;;;;;;
344;"M";20;;"drijftillen of - zomen gedomineerd door sleutelsoorten van de rietklasse, met aanwezigheid kam- en/of moerasvaren, ingeval van moerasvaren ook met veenmossen";0;21;;"7140_mrd";;;;;;;;;;;;
345;"M";21;;"drijftillen of - zomen gedomineerd door sleutelsoorten van het snavelbiesverbond; doorgaans in complex met veenmosontwikkeling en/of overgangsveen";0;30;;"7150 - md + ces";;;;;;;;;;;;
346;"M";30;1;"In de ecoregio polders of Schelde-estuarium. Zeebies (co)-dominant of minimaal abundant en vaak in combinatie met veel riet; soms ook veel spiesmelde en/of zilte rus; eventuele overige zilte soorten hooguit occasioneel aanwezig";0;0;"ja";"rbbmz - mz";;;;;;;;;;;;
347;"M";30;2;"soorten zilte- en brakwaterzone  uitgezonderd zeebies, zilte schijnspurrie en zilte rus (bv. zulte,  melkkruid, kweldergrassen, klein schorrekruid) meer dan occasioneel aanwezig";0;0;"ja";"_Z";;;;;;;;;;;;
348;"M";30;99;"anders";33;0;"ja";;;;;;;;;;;;;
349;"M";33;;"galigaan (co)dominant";0;39;;"7210";;;;;;;;;;;;
350;"M";39;;"sleutelsoorten van basenrijke venen en/of alkalische duinpannen minimaal occasioneel EN/OF kalkmossen minimaal frequent EN/OF hun begeleiders (paddenrus, zeegroene zegge, gekleurd fonteinkruid, moeraszoutgras) minimaal frequent en meer dan de hc-groep";40;60;;;;;;;;;;;;;;
351;"M";40;1;"kustduinen; sleutelsoorten alkalische duinpan ≥ frequent aanwezig";0;0;"ja";"2190_mp";;;;;;;;;;;;
352;"M";40;2;"kustduinen; sleutelsoorten alkalische duinpan occasioneel aanwezig EN duinpan/7230  ≥ frequent aanwezig";0;0;"ja";"2190_mp";;;;;;;;;;;;
353;"M";40;3;"kustduinen; sleutelsoorten alkalische duinpan occasioneel aanwezig EN duinpan/7230 occasioneel aanwezig EN hun begeleiders ≥ abundant";0;0;"ja";"2190_mp";;;;;;;;;;;;
354;"M";40;4;"kustduinen; sleutelsoorten alkalische duinpan occasioneel aanwezig EN (duinpan/7230 occasioneel aanwezig EN/OF hun begeleiders ≥ frequent aanwezig) en deze bedekken alle meer dan de hc-groep";0;0;"ja";"2190_mp - mp_min";;;;;;;;;;;;
355;"M";40;99;"anders";44;0;"ja";;;;;;;;;;;;;
356;"M";44;;"soorten van matig zure, vochtig tot natte milieus (R ≤ 5, F ≥ 7) zijn abundant (bedekken meer dan 20% van de opp)";45;48;;;;;;;;;;;;;;
357;"M";45;1;"sleutelsoorten alkalisch en neutraal trilveen ≥ frequent aanwezig";0;0;"ja";"7140_base";;;;;;;;;;;;
358;"M";45;2;"sleutelsoorten alkalisch en neutraal trilveen occasioneel aanwezig EN begeleiders minimaal abundant aanwezig";0;0;"ja";"7140_base";;;;;;;;;;;;
359;"M";45;3;"sleutelsoorten alkalisch en neutraal trilveen occasioneel aanwezig EN begeleiders meer dan frequent aanwezig en beide samen bedekken meer dan de hc-groep";0;0;"ja";"7140_base - mk_min";;;;;;;;;;;;
360;"M";45;99;"anders";60;0;"ja";;;;;;;;;;;;;
365;"M";48;1;"sleutelsoorten alkalisch en neutraal trilveen ≥ frequent aanwezig";0;0;"ja";"7230";;;;;;;;;;;;
366;"M";48;2;"sleutelsoorten alkalisch en neutraal trilveen occasioneel aanwezig EN begeleiders minimaal abundant aanwezig";0;0;"ja";"7230";;;;;;;;;;;;
367;"M";48;3;"sleutelsoorten alkalisch en neutraal trilveen occasioneel aanwezig EN begeleiders meer dan frequent aanwezig en beide samen bedekken meer dan de hc-groep";0;0;"ja";"7230 - mk_min";;;;;;;;;;;;
368;"M";48;99;"anders";60;0;"ja";;;;;;;;;;;;;
369;"M";60;;"witte EN/OF bruine snavelbies EN/OF kleine EN/OF ronde zonnedauw EN/OF moeraswolfsklauw samen aspectbepalend (minimaal samen co-dominant met bv. open bodem, water of overige vegetatie); kan voorkomen in complex met overgangsveenvegetaties";0;65;;"7150 - ce";;;;;;;;;;;;
370;"M";65;;"sleutelsoorten van overgangsveen aanwezig (kleine veenbes, lavendelheide, éénarig wollegras, rood veenmos, hoogveenveenmos, stijf veenmos) en/of wrattig veenmos minimaal abundant aanwezig";0;70;;"7140_oli";;;;;;;;;;;;
371;"M";70;;"typische zure laagveensoorten aanwezig OF (typische en begeleidende soorten van zuurlaagveen aangevuld met soorten van snavelbiesverbond, overgangsveen, alkalische veen bedekken minstens 5% en bedekken meer dan de typische soorten van dottergrasland)";600;100;;;;;;;;;;;;;;
372;"M";100;;"sleutelsoorten van de rietklasse (tezamen met water- en moerasplanten) bedekken minimaal 30% van de vegetatielaag EN rietsleutelsoorten bedekken meer dan natte ruigtesleutelsoorten EN meer dan sleutelsoorten grote zeggen EN meer dan grote russen";300;105;;;;;;;;;;;;;;
373;"M";105;1;"dominantie van grote zeggen (tezamen met water- en moerasplanten) EN sleutelsoorten van grote zeggen bedekken meer dan sleutelsoorten van natte ruigten EN meer dan grote russen";210;0;"ja";;;;;;;;;;;;;
374;"M";105;2;"dominantie van sleutelsoorten en/of begeleiders van natte ruigtes, tezamen met water- en moerasplanten EN sleutelsoorten van grote zeggen bedekken meer dan sleutelsoorten van grote zeggen EN meer dan grote russen";400;0;"ja";;;;;;;;;;;;;
375;"M";105;3;"grote russen (pitrus, zeegroene rus, biezeknoppen) dominant aanwezig, tezamen met water- en moerasplanten EN sleutelsoorten van grote russen bedekken meer dan sleutelsoorten van natte ruigten EN meer dan grote zeggen";700;0;"ja";;;;;;;;;;;;;
376;"M";105;99;"anders";0;0;"ja";"_G";;;;;;;;;;;;
377;"M";210;1;"meer dan 50% bedekking van sleutelsoorten natte ruigtes exclusief grote zegges";400;0;"ja";;;;;;;;;;;;;
378;"M";210;2;"minimaal abundant (>10% bedekking) sleutelsoorten van dotterbloemverbond en minstens 3 soorten";0;0;"ja";"rbbhc - hc";;;;;;;;;;;;
379;"M";210;3;"minimaal abundant (>10% bedekking) sleutelsoorten van zilverschoonverbond aanwezig  en minstens 3 soorten (exclusief fioringras, geknikte vossestaart, krulzuring, en ruige zegge)";0;0;"ja";"rbbzil - hp_ster";;;;;;;;;;;;
380;"M";210;99;"anders";220;0;"ja";;;;;;;;;;;;;
381;"M";220;1;"bedekking eutrofiëringsindicatoren (ganzevoet, gewone hennepnetel, grote brandnetel, vlotgras, eendekroos, rietgras, kruipende boterbloem, blaartrekkende boterbloem, gele waterkers, kleefkruid, mannagras, pitrus, grote lisdodde, bitterzoet) > 30%";0;0;"ja";"rbbmc - mc_min";;;;;;;;;;;;
382;"M";220;2;"invasieve exoten aanwezig";0;0;"ja";"rbbmc - mc_min";;;;;;;;;;;;
383;"M";220;4;"verruigingsindicatoren (gewone engelwortel, haagwinde, akkerdistel, kale jonker, speerdistel, harig wilgeroosje, koninginnenkruid,  moerasspirea, kleefkruid, grote kattestaart, braam, gewone melkdistel, gewone smeerwortel) bedekken meer dan 30 %";0;0;"ja";"rbbmc - mc_min";;;;;;;;;;;;
384;"M";220;99;"anders";0;0;"ja";"rbbmc - mc";;;;;;;;;;;;
385;"M";220;3;"vergrassingsindicatoren (fioringras, glanshaver, hennegras, gewoon struisriet, kropaar, ruwe smele, kweek, rietzwenkgras, gestreepte witbol, gewoon timoteegras, ruw beemdgras) meer dan 10%";0;0;"ja";"rbbmc - mc_min";;;;;;;;;;;;
386;"M";300;1;"heemst, moeraslathyrus en/of moerasmelkdistel minimaal occasioneel aanwezig";301;0;"ja";;;;;;;;;;;;;
387;"M";300;2;"zwanebloem, kalmoes, grote boterbloem, mattenbies, ruwe bies minimaal occasioneel aanwezig";303;0;"ja";;;;;;;;;;;;;
388;"M";300;99;"anders";310;0;"ja";;;;;;;;;;;;;
389;"M";301;1;"invasieve exoten aanwezig";0;0;"ja";"6430_mr - mr_min";;;;;;;;;;;;
390;"M";301;2;"verruigingsindicatoren bedekken meer dan 30%";0;0;"ja";"6430_mr - mr_min";;;;;;;;;;;;
391;"M";301;99;"anders";0;0;"ja";"6430_mr - mr";;;;;;;;;;;;
392;"M";303;1;"invasieve exoten aanwezig";0;0;"ja";"rbbmr - mr_min";;;;;;;;;;;;
393;"M";303;2;"bedekking eutrofiëringsindicatoren (ganzevoet, gewone hennepnetel, grote brandnetel, vlotgras, eendekroos, rietgras, kruipende boterbloem, blaartrekkende boterbloem, gele waterkers, kleefkruid, mannagras, pitrus, grote lisdodde, bitterzoet) > 30%";0;0;"ja";"rbbmr - mr_min";;;;;;;;;;;;
394;"M";303;3;"vergrassingsindicatoren (fioringras, glanshaver, hennegras, gewoon struisriet, kropaar, ruwe smele, rietzwenkgras, gestreepte witbol, gewoon timoteegras, ruw beemdgras) bedekken meer dan 10 %";0;0;"ja";"rbbmr - mr_min";;;;;;;;;;;;
395;"M";303;4;"verruigingsindicatoren (gewone engelwortel, haagwinde, akkerdistel, moesdistel, kale jonker, speerdistel,  harig wilgenroosje, koninginnekruid, moerasspirea, kleefkruid, grote kattestaart, braam, gewone melkdistel, smeerwortel) bedekken meer dan 30%";0;0;"ja";"rbbmr - mr_min";;;;;;;;;;;;
396;"M";303;99;"anders";0;0;"ja";"rbbmr - mr";;;;;;;;;;;;
397;"M";310;;"zomerklokje minimaal frequent aanwezig";406;315;;;;;;;;;;;;;;
398;"M";315;;"dominantie van grote zeggen";210;317;;;;;;;;;;;;;;
399;"M";317;;"sleutelsoorten natte ruigte exclusief grote zeggen minimaal abundant (>10%) en soorten rietklasse < 50%";400;320;;;;;;;;;;;;;;
400;"M";320;;"bedekking van sleutelsoorten van de rietklasse meer dan 50%";330;335;;;;;;;;;;;;;;
401;"M";330;1;"bedekking van vergrassingsindicatoren (fioringras, glanshaver, hennegras, gewoon struisriet, kropaar, ruwe smele, kweek, rietzwenkgras, gestreepte witbol, gewoon timoteegras, ruw beemdgras) > 10%";0;0;"ja";"rbbmr - mr_min";;;;;;;;;;;;
402;"M";330;2;"invasieve exoten aanwezig";0;0;"ja";"rbbmr - mr_min";;;;;;;;;;;;
403;"M";330;3;"bedekking eutrofiëringsindicatoren > 30%";0;0;"ja";"rbbmr - mr_min";;;;;;;;;;;;
404;"M";330;4;"bedekking verruigingsindicatoren > 30%";0;0;"ja";"rbbmr - mr_min";;;;;;;;;;;;
405;"M";330;99;"anders";0;0;"ja";"rbbmr - mr";;;;;;;;;;;;
406;"M";335;1;"bedekking van vergrassingsindicatoren (fioringras, glanshaver, hennegras, gewoon struisriet, kropaar, ruwe smele, kweek, rietzwenkgras, gestreepte witbol, gewoon timoteegras, ruw beemdgras) > 10%";0;0;"ja";"gh - mr_min";;;;;;;;;;;;
407;"M";335;2;"invasieve exoten aanwezig";0;0;"ja";"gh - mr_min";;;;;;;;;;;;
408;"M";335;3;"bedekking eutrofiëringsindicatoren > 30%";0;0;"ja";"gh - mr_min";;;;;;;;;;;;
409;"M";335;4;"bedekking verruigingsindicatoren > 30%";0;0;"ja";"gh - mr_min";;;;;;;;;;;;
410;"M";335;99;"anders";0;0;"ja";"gh - mr";;;;;;;;;;;;
411;"M";400;1;"hennegras, wilde bertram, melkeppe en grote wederik minimaal abundant EN overige zure laagveensoorten minder dan frequent aanwezig, zwaartepunt van voorkomen in Kempische beekdalen";401;0;"ja";;;;;;;;;;;;;
412;"M";400;2;"hennegras, wilde bertram, melkeppe en grote wederik minimaal abundant EN overige zure laagveensoorten minstens frequent aanwezig";600;0;"ja";;;;;;;;;;;;;
413;"M";400;99;"anders";405;0;"ja";;;;;;;;;;;;;
414;"M";401;;"wilde bertram, grote wederik, melkeppe, hennegras, ruw walstro, wateraardbei, veenpluis, veenmos en zwarte zegge zijn samen (co)-dominant";0;0;;"rbbhfl - hfl";"rbbhfl - hfl_min";;;;;;;;;;;
415;"M";405;;"zomerklokje minimaal frequent aanwezig";406;410;;;;;;;;;;;;;;
416;"M";406;1;"invasieve exoten aanwezig";0;0;"ja";"6430_hf - hfe_min";;;;;;;;;;;;
417;"M";406;2;"verruigingsindicatoren (akkerdistel, kweek, heermoes, braam(G), ridderzuring, liesgras, grote brandnetel, rietgras) bedekken meer dan 30%";0;0;"ja";"6430_hf - hfe_min";;;;;;;;;;;;
418;"M";406;99;"anders";0;0;"ja";"6430_hf - hfe";;;;;;;;;;;;
419;"M";410;;"harig wilgenroosje minimaal frequent aanwezig";411;420;;;;;;;;;;;;;;
420;"M";411;1;"invasieve exoten aanwezig";0;0;"ja";"6430_hw - hfe_min";;;;;;;;;;;;
421;"M";411;2;"verruigingsindicatoren (akkerdistel, kweek, heermoes, braam(G), ridderzuring, liesgras, grote brandnetel, rietgras) bedekken meer dan 30%";0;0;"ja";"6430_hw - hfe_min";;;;;;;;;;;;
422;"M";411;99;"anders";0;0;"ja";"6430_hw - hfe";;;;;;;;;;;;
423;"M";420;;"poelruit minimaal frequent aanwezig";421;430;;;;;;;;;;;;;;
424;"M";421;;"bedekking van sleutelsoorten natte ruigtes ≥ 30 % en grassen (uitgez. riet, rietgras en liesgras) < 30% en in de buurt van een waterloop";425;430;;;;;;;;;;;;;;
425;"M";425;1;"bedekking eutrofiëringsindicatroen > 50%";0;0;"ja";"6430_hf - hft_min";;;;;;;;;;;;
426;"M";425;2;"bedekking ruderaliseringsindicatoren > 30%";0;0;"ja";"6430_hf - hft_min";;;;;;;;;;;;
427;"M";425;3;"bedekking verdrogingsindicatoren  > 30%";0;0;"ja";"6430_hf - hft_min";;;;;;;;;;;;
428;"M";425;4;"invasieve exoten meer dan occasioneel aanwezig";0;0;"ja";"6430_hf - hft_min";;;;;;;;;;;;
429;"M";425;5;"bedekking pitrus, zeegroene rus, en biezeknoppen bedekken > 30%";0;0;"ja";"6430_hf - hft_min";;;;;;;;;;;;
430;"M";425;99;"anders";0;0;"ja";"6430_hf - hft";;;;;;;;;;;;
431;"M";430;;"reuzepaardestaart of moesdistel minimaal frequent aanwezig";431;440;;;;;;;;;;;;;;
432;"M";431;;"bedekking van sleutelsoorten natte ruigtes ≥ 30 % en grassen (uitgez. riet, rietgras en liesgras) < 30% en in de buurt van een waterloop";435;440;;;;;;;;;;;;;;
433;"M";435;1;"bedekking eutrofiëringsindicatroen > 50%";0;0;"ja";"6430_hf - hft_min";;;;;;;;;;;;
434;"M";435;2;"bedekking ruderaliseringsindicatoren > 30%";0;0;"ja";"6430_hf - hft_min";;;;;;;;;;;;
435;"M";435;3;"bedekking verdrogingsindicatoren > 30%";0;0;"ja";"6430_hf - hft_min";;;;;;;;;;;;
436;"M";435;4;"invasieve exoten meer dan occasioneel aanwezig";0;0;"ja";"6430_hf - hft_min";;;;;;;;;;;;
437;"M";435;5;"bedekking pitrus, zeegroene rus, en biezeknoppen bedekken > 30%";0;0;"ja";"6430_hf - hft_min";;;;;;;;;;;;
438;"M";435;99;"anders";0;0;"ja";"6430_hf - hft";;;;;;;;;;;;
439;"M";440;;"bedekking van sleutelsoorten natte ruigtes < 30%";445;450;;;;;;;;;;;;;;
440;"M";445;;"bedekking van de sleutelsoorten van natte ruigtes ≥ 5 % en domineren de vegetatie tezamen met ruigte-begeleiders, moerassoorten en dottergraslandsoorten";452;0;;;"gh - hr";;;;;;;;;;;
441;"M";450;;"bedekking grassen(uitgez. riet, rietgras en liesgras) < 30% en in de buurt van een waterloop";451;452;;;;;;;;;;;;;;
442;"M";451;1;"invasieve exoten aanwezig";0;0;"ja";"6430_hf - hf_min";;;;;;;;;;;;
443;"M";451;2;"verruigingsindicatoren bedekken meer dan 30%";0;0;"ja";"6430_hf - hf_min";;;;;;;;;;;;
444;"M";451;99;"anders";0;0;"ja";"6430_hf - hf";;;;;;;;;;;;
445;"M";452;1;"bedekking eutrofiëringsindicatroen > 50%";0;0;"ja";"rbbhf - hf_min";;;;;;;;;;;;
446;"M";452;2;"bedekking ruderaliseringsindicatoren > 30%";0;0;"ja";"rbbhf - hf_min";;;;;;;;;;;;
447;"M";452;3;"bedekking verdrogingsindicatoren > 30%";0;0;"ja";"rbbhf - hf_min";;;;;;;;;;;;
448;"M";452;4;"invasieve exoten meer dan occasioneel aanwezig";0;0;"ja";"rbbhf - hf_min";;;;;;;;;;;;
449;"M";452;5;"bedekking pitrus, zeegroene rus, en biezeknoppen bedekken > 30%";0;0;"ja";"rbbhf - hf_min";;;;;;;;;;;;
450;"M";452;99;"anders";0;0;"ja";"rbbhf - hf";;;;;;;;;;;;
451;"M";600;;"zure laagveensoorten (typische + begeleiders), eventueel met van soorten van 7140, 7150 en waterplanten bedekken meer dan typische dottergraslandsoorten met begeleiders van zuur laagveen, grassen (excl. pijpenstro, riet) en soorten van 6410";611;620;;;;;;;;;;;;;;
452;"M";611;1;"invasieve exoten aanwezig";0;0;"ja";"7140_meso - ms_min";;;;;;;;;;;;
453;"M";611;2;"eutrofiëringsindicatoren (harig wilgenroosje, vlotgras (G), gele lis, pitrus, eendekroos, wolfspoot, rietgras, kruipende boterbloem, grote lisdodde, grote brandnetel, algen) bedekken meer dan 10%";0;0;"ja";"7140_meso - ms_min";;;;;;;;;;;;
454;"M";611;3;"vergrassingsindicatoren (struisgras (G), hennegras, ruwe smele , pijpenstrootje) bedekken meer dan 30%";0;0;"ja";"7140_meso - ms_min";;;;;;;;;;;;
455;"M";611;4;"verruigingsindicatoren (scherpe zegge, moeraszegge, stijve zegge, pluimzegge, oeverzegge, riet, moerasspirea, grote kattestaart, vederdistel (Cirsium) (G), koninginnekruid) bedekken meer dan 30%";0;0;"ja";"7140_meso - ms_min";;;;;;;;;;;;
456;"M";611;99;"anders";0;0;"ja";"7140_meso - ms";;;;;;;;;;;;
457;"M";620;;"holpijp dominant aanwezig en N ≥ 9";621;625;;;;;;;;;;;;;;
458;"M";621;1;"invasieve exoten aanwezig";0;0;"ja";"7140_meso - ms_min";;;;;;;;;;;;
459;"M";621;2;"eutrofiëringsindicatoren (harig wilgenroosje, vlotgras (G), gele lis, pitrus, eendekroos, wolfspoot, rietgras, kruipende boterbloem, grote lisdodde, grote brandnetel, algen) bedekken meer dan 10%";0;0;"ja";"7140_meso - ms_min";;;;;;;;;;;;
460;"M";621;3;"vergrassingsindicatoren (struisgras (G), hennegras, ruwe smele , pijpenstrootje) bedekken meer dan 30%";0;0;"ja";"7140_meso - ms_min";;;;;;;;;;;;
461;"M";621;4;"verruigingsindicatoren (scherpe zegge, moeraszegge, stijve zegge, pluimzegge, oeverzegge, riet, moerasspirea, grote kattestaart, vederdistel (Cirsium) (G), koninginnekruid), incl. bomen en struiken, bedekken meer dan 30%";0;0;"ja";"7140_meso - ms_min";;;;;;;;;;;;
462;"M";621;99;"anders";0;0;"ja";"7140_meso - ms";;;;;;;;;;;;
467;"M";625;;"sleutelsoorten zure laagveen aanwezig en (tezamen) met begeleiders van zuur laagveen bedekken ze ≥ 10%";626;0;;;"_G";;;;;;;;;;;
470;"M";626;1;"invasieve exoten aanwezig";0;0;"ja";"rbbms - ms_min";;;;;;;;;;;;
471;"M";626;2;"eutrofiëringsindicatoren bedekken >30%";0;0;"ja";"rbbms - ms_min";;;;;;;;;;;;
472;"M";626;3;"vergrassingsindicatoren bedekken > 30%";0;0;"ja";"rbbms - ms_min";;;;;;;;;;;;
473;"M";626;4;"verruigingsindicatoren, incl. bomen en struiken,  bedekken > 30%";0;0;"ja";"rbbms - ms_min";;;;;;;;;;;;
474;"M";626;99;"anders";0;0;"ja";"rbbms - ms";;;;;;;;;;;;
475;"M";700;;"gemiddeld F-getal van de opname (zonder pitrus, zeegroene rus en biezenknoppen) > 8.5";0;0;;"gh - mj";"gh - hj";;;;;;;;;;;
476;"M";1;;"Is de bedekking van bomen en struiken (kroonprojectie) in het moeras > 10%";8;10;;;;"het voorkomen van houtige gewassen in lineair (bijv. houtkanten) of in patroonverband (mozaïeken) worden afzonderlijk uitgesleuteld";"wat met brem?";8,00;10,00;;;;"001";"Is de bedekking van bomen en struiken (kroonprojectie) in het grasland > 10%";;
477;"M";8;;"Is de bedekking van bomen en struiken (kroonprojectie) ≥ 50%";0;10;;"_B";;;;0,00;10,00;;"_B";;"008";"Is de bedekking van bomen en struiken (kroonprojectie) ≥ 50%";;
478;"O";100;;"grote russen (pitrus, zeegroene rus, biezeknoppen) dominant aanwezig";105;110;;;;;;;;;;;;;;
479;"O";105;;"gemiddeld F-getal van de opname (zonder pitrus, zeegroene rus en biezenknoppen) > 8.5";0;110;;"_M";;;;;;;;;;;;
